refArea,Indicator Code,Value,Observation URI,references,Data Domain,publisher,dataset,refPeriod
http://dbpedia.org/resource/Lebanon,SE.ADT.1524.LT.FM.ZS,1.01E+00,http://linked.aub.edu.lb/CODEC/Lebanon/observation/social-development-Lebanon-SE.ADT.1524.LT.FM.ZS-2007,https://data.humdata.org/dataset/world-bank-social-development-indicators-for-lebanon,,The World Bank,http://linked.aub.edu.lb/CODEC/Lebanon/Dataset/social-development-Lebanon,2007
http://dbpedia.org/resource/Lebanon,SE.ADT.1524.LT.FM.ZS,1.00E+00,http://linked.aub.edu.lb/CODEC/Lebanon/observation/social-development-Lebanon-SE.ADT.1524.LT.FM.ZS-2009,https://data.humdata.org/dataset/world-bank-social-development-indicators-for-lebanon,,The World Bank,http://linked.aub.edu.lb/CODEC/Lebanon/Dataset/social-development-Lebanon,2009
http://dbpedia.org/resource/Lebanon,SE.ADT.1524.LT.FM.ZS,1.00E+00,http://linked.aub.edu.lb/CODEC/Lebanon/observation/social-development-Lebanon-SE.ADT.1524.LT.FM.ZS-2019,https://data.humdata.org/dataset/world-bank-social-development-indicators-for-lebanon,,The World Bank,http://linked.aub.edu.lb/CODEC/Lebanon/Dataset/social-development-Lebanon,2019
http://dbpedia.org/resource/Lebanon,SE.ENR.PRIM.FM.ZS,8.62E-01,http://linked.aub.edu.lb/CODEC/Lebanon/observation/social-development-Lebanon-SE.ENR.PRIM.FM.ZS-1971,https://data.humdata.org/dataset/world-bank-social-development-indicators-for-lebanon,,The World Bank,http://linked.aub.edu.lb/CODEC/Lebanon/Dataset/social-development-Lebanon,1971
http://dbpedia.org/resource/Lebanon,SE.ENR.PRIM.FM.ZS,9.33E-01,http://linked.aub.edu.lb/CODEC/Lebanon/observation/social-development-Lebanon-SE.ENR.PRIM.FM.ZS-1974,https://data.humdata.org/dataset/world-bank-social-development-indicators-for-lebanon,,The World Bank,http://linked.aub.edu.lb/CODEC/Lebanon/Dataset/social-development-Lebanon,1974
http://dbpedia.org/resource/Lebanon,SE.ENR.PRIM.FM.ZS,9.37E-01,http://linked.aub.edu.lb/CODEC/Lebanon/observation/social-development-Lebanon-SE.ENR.PRIM.FM.ZS-1982,https://data.humdata.org/dataset/world-bank-social-development-indicators-for-lebanon,,The World Bank,http://linked.aub.edu.lb/CODEC/Lebanon/Dataset/social-development-Lebanon,1982
http://dbpedia.org/resource/Lebanon,SE.ENR.PRIM.FM.ZS,9.14E-01,http://linked.aub.edu.lb/CODEC/Lebanon/observation/social-development-Lebanon-SE.ENR.PRIM.FM.ZS-1983,https://data.humdata.org/dataset/world-bank-social-development-indicators-for-lebanon,,The World Bank,http://linked.aub.edu.lb/CODEC/Lebanon/Dataset/social-development-Lebanon,1983
http://dbpedia.org/resource/Lebanon,SE.ENR.PRIM.FM.ZS,9.12E-01,http://linked.aub.edu.lb/CODEC/Lebanon/observation/social-development-Lebanon-SE.ENR.PRIM.FM.ZS-1985,https://data.humdata.org/dataset/world-bank-social-development-indicators-for-lebanon,,The World Bank,http://linked.aub.edu.lb/CODEC/Lebanon/Dataset/social-development-Lebanon,1985
http://dbpedia.org/resource/Lebanon,SE.ENR.PRSC.FM.ZS,8.09E-01,http://linked.aub.edu.lb/CODEC/Lebanon/observation/social-development-Lebanon-SE.ENR.PRSC.FM.ZS-1971,https://data.humdata.org/dataset/world-bank-social-development-indicators-for-lebanon,,The World Bank,http://linked.aub.edu.lb/CODEC/Lebanon/Dataset/social-development-Lebanon,1971
http://dbpedia.org/resource/Lebanon,SE.ENR.PRSC.FM.ZS,9.69E-01,http://linked.aub.edu.lb/CODEC/Lebanon/observation/social-development-Lebanon-SE.ENR.PRSC.FM.ZS-1982,https://data.humdata.org/dataset/world-bank-social-development-indicators-for-lebanon,,The World Bank,http://linked.aub.edu.lb/CODEC/Lebanon/Dataset/social-development-Lebanon,1982
http://dbpedia.org/resource/Lebanon,SE.ENR.PRSC.FM.ZS,9.35E-01,http://linked.aub.edu.lb/CODEC/Lebanon/observation/social-development-Lebanon-SE.ENR.PRSC.FM.ZS-1985,https://data.humdata.org/dataset/world-bank-social-development-indicators-for-lebanon,,The World Bank,http://linked.aub.edu.lb/CODEC/Lebanon/Dataset/social-development-Lebanon,1985
http://dbpedia.org/resource/Lebanon,SE.ENR.SECO.FM.ZS,6.84E-01,http://linked.aub.edu.lb/CODEC/Lebanon/observation/social-development-Lebanon-SE.ENR.SECO.FM.ZS-1971,https://data.humdata.org/dataset/world-bank-social-development-indicators-for-lebanon,,The World Bank,http://linked.aub.edu.lb/CODEC/Lebanon/Dataset/social-development-Lebanon,1971
http://dbpedia.org/resource/Lebanon,SE.ENR.SECO.FM.ZS,7.78E-01,http://linked.aub.edu.lb/CODEC/Lebanon/observation/social-development-Lebanon-SE.ENR.SECO.FM.ZS-1973,https://data.humdata.org/dataset/world-bank-social-development-indicators-for-lebanon,,The World Bank,http://linked.aub.edu.lb/CODEC/Lebanon/Dataset/social-development-Lebanon,1973
http://dbpedia.org/resource/Lebanon,SE.ENR.SECO.FM.ZS,1.02E+00,http://linked.aub.edu.lb/CODEC/Lebanon/observation/social-development-Lebanon-SE.ENR.SECO.FM.ZS-1982,https://data.humdata.org/dataset/world-bank-social-development-indicators-for-lebanon,,The World Bank,http://linked.aub.edu.lb/CODEC/Lebanon/Dataset/social-development-Lebanon,1982
http://dbpedia.org/resource/Lebanon,SE.ENR.SECO.FM.ZS,9.66E-01,http://linked.aub.edu.lb/CODEC/Lebanon/observation/social-development-Lebanon-SE.ENR.SECO.FM.ZS-1985,https://data.humdata.org/dataset/world-bank-social-development-indicators-for-lebanon,,The World Bank,http://linked.aub.edu.lb/CODEC/Lebanon/Dataset/social-development-Lebanon,1985
http://dbpedia.org/resource/Lebanon,SE.ENR.TERT.FM.ZS,3.20E-01,http://linked.aub.edu.lb/CODEC/Lebanon/observation/social-development-Lebanon-SE.ENR.TERT.FM.ZS-1971,https://data.humdata.org/dataset/world-bank-social-development-indicators-for-lebanon,,The World Bank,http://linked.aub.edu.lb/CODEC/Lebanon/Dataset/social-development-Lebanon,1971
http://dbpedia.org/resource/Lebanon,SE.ENR.TERT.FM.ZS,3.46E-01,http://linked.aub.edu.lb/CODEC/Lebanon/observation/social-development-Lebanon-SE.ENR.TERT.FM.ZS-1972,https://data.humdata.org/dataset/world-bank-social-development-indicators-for-lebanon,,The World Bank,http://linked.aub.edu.lb/CODEC/Lebanon/Dataset/social-development-Lebanon,1972
http://dbpedia.org/resource/Lebanon,SE.ENR.TERT.FM.ZS,5.88E-01,http://linked.aub.edu.lb/CODEC/Lebanon/observation/social-development-Lebanon-SE.ENR.TERT.FM.ZS-1980,https://data.humdata.org/dataset/world-bank-social-development-indicators-for-lebanon,,The World Bank,http://linked.aub.edu.lb/CODEC/Lebanon/Dataset/social-development-Lebanon,1980
http://dbpedia.org/resource/Lebanon,SE.ENR.TERT.FM.ZS,5.85E-01,http://linked.aub.edu.lb/CODEC/Lebanon/observation/social-development-Lebanon-SE.ENR.TERT.FM.ZS-1981,https://data.humdata.org/dataset/world-bank-social-development-indicators-for-lebanon,,The World Bank,http://linked.aub.edu.lb/CODEC/Lebanon/Dataset/social-development-Lebanon,1981
http://dbpedia.org/resource/Lebanon,SE.ENR.TERT.FM.ZS,6.20E-01,http://linked.aub.edu.lb/CODEC/Lebanon/observation/social-development-Lebanon-SE.ENR.TERT.FM.ZS-1982,https://data.humdata.org/dataset/world-bank-social-development-indicators-for-lebanon,,The World Bank,http://linked.aub.edu.lb/CODEC/Lebanon/Dataset/social-development-Lebanon,1982
http://dbpedia.org/resource/Lebanon,SE.ENR.TERT.FM.ZS,6.10E-01,http://linked.aub.edu.lb/CODEC/Lebanon/observation/social-development-Lebanon-SE.ENR.TERT.FM.ZS-1983,https://data.humdata.org/dataset/world-bank-social-development-indicators-for-lebanon,,The World Bank,http://linked.aub.edu.lb/CODEC/Lebanon/Dataset/social-development-Lebanon,1983
http://dbpedia.org/resource/Lebanon,SE.ENR.TERT.FM.ZS,6.51E-01,http://linked.aub.edu.lb/CODEC/Lebanon/observation/social-development-Lebanon-SE.ENR.TERT.FM.ZS-1985,https://data.humdata.org/dataset/world-bank-social-development-indicators-for-lebanon,,The World Bank,http://linked.aub.edu.lb/CODEC/Lebanon/Dataset/social-development-Lebanon,1985
http://dbpedia.org/resource/Lebanon,SE.ENR.TERT.FM.ZS,9.48E-01,http://linked.aub.edu.lb/CODEC/Lebanon/observation/social-development-Lebanon-SE.ENR.TERT.FM.ZS-1992,https://data.humdata.org/dataset/world-bank-social-development-indicators-for-lebanon,,The World Bank,http://linked.aub.edu.lb/CODEC/Lebanon/Dataset/social-development-Lebanon,1992
http://dbpedia.org/resource/Lebanon,SE.ENR.TERT.FM.ZS,1.01E+00,http://linked.aub.edu.lb/CODEC/Lebanon/observation/social-development-Lebanon-SE.ENR.TERT.FM.ZS-1996,https://data.humdata.org/dataset/world-bank-social-development-indicators-for-lebanon,,The World Bank,http://linked.aub.edu.lb/CODEC/Lebanon/Dataset/social-development-Lebanon,1996
http://dbpedia.org/resource/Lebanon,SE.ENR.TERT.FM.ZS,1.06E+00,http://linked.aub.edu.lb/CODEC/Lebanon/observation/social-development-Lebanon-SE.ENR.TERT.FM.ZS-1999,https://data.humdata.org/dataset/world-bank-social-development-indicators-for-lebanon,,The World Bank,http://linked.aub.edu.lb/CODEC/Lebanon/Dataset/social-development-Lebanon,1999
http://dbpedia.org/resource/Lebanon,SE.ENR.TERT.FM.ZS,1.11E+00,http://linked.aub.edu.lb/CODEC/Lebanon/observation/social-development-Lebanon-SE.ENR.TERT.FM.ZS-2000,https://data.humdata.org/dataset/world-bank-social-development-indicators-for-lebanon,,The World Bank,http://linked.aub.edu.lb/CODEC/Lebanon/Dataset/social-development-Lebanon,2000
http://dbpedia.org/resource/Lebanon,SE.ENR.TERT.FM.ZS,1.11E+00,http://linked.aub.edu.lb/CODEC/Lebanon/observation/social-development-Lebanon-SE.ENR.TERT.FM.ZS-2001,https://data.humdata.org/dataset/world-bank-social-development-indicators-for-lebanon,,The World Bank,http://linked.aub.edu.lb/CODEC/Lebanon/Dataset/social-development-Lebanon,2001
http://dbpedia.org/resource/Lebanon,SE.ENR.TERT.FM.ZS,1.15E+00,http://linked.aub.edu.lb/CODEC/Lebanon/observation/social-development-Lebanon-SE.ENR.TERT.FM.ZS-2002,https://data.humdata.org/dataset/world-bank-social-development-indicators-for-lebanon,,The World Bank,http://linked.aub.edu.lb/CODEC/Lebanon/Dataset/social-development-Lebanon,2002
http://dbpedia.org/resource/Lebanon,SE.ENR.TERT.FM.ZS,1.19E+00,http://linked.aub.edu.lb/CODEC/Lebanon/observation/social-development-Lebanon-SE.ENR.TERT.FM.ZS-2003,https://data.humdata.org/dataset/world-bank-social-development-indicators-for-lebanon,,The World Bank,http://linked.aub.edu.lb/CODEC/Lebanon/Dataset/social-development-Lebanon,2003
http://dbpedia.org/resource/Lebanon,SE.ENR.TERT.FM.ZS,1.13E+00,http://linked.aub.edu.lb/CODEC/Lebanon/observation/social-development-Lebanon-SE.ENR.TERT.FM.ZS-2004,https://data.humdata.org/dataset/world-bank-social-development-indicators-for-lebanon,,The World Bank,http://linked.aub.edu.lb/CODEC/Lebanon/Dataset/social-development-Lebanon,2004
http://dbpedia.org/resource/Lebanon,SE.ENR.TERT.FM.ZS,1.14E+00,http://linked.aub.edu.lb/CODEC/Lebanon/observation/social-development-Lebanon-SE.ENR.TERT.FM.ZS-2005,https://data.humdata.org/dataset/world-bank-social-development-indicators-for-lebanon,,The World Bank,http://linked.aub.edu.lb/CODEC/Lebanon/Dataset/social-development-Lebanon,2005
http://dbpedia.org/resource/Lebanon,SE.ENR.TERT.FM.ZS,1.16E+00,http://linked.aub.edu.lb/CODEC/Lebanon/observation/social-development-Lebanon-SE.ENR.TERT.FM.ZS-2006,https://data.humdata.org/dataset/world-bank-social-development-indicators-for-lebanon,,The World Bank,http://linked.aub.edu.lb/CODEC/Lebanon/Dataset/social-development-Lebanon,2006
http://dbpedia.org/resource/Lebanon,SE.ENR.TERT.FM.ZS,1.18E+00,http://linked.aub.edu.lb/CODEC/Lebanon/observation/social-development-Lebanon-SE.ENR.TERT.FM.ZS-2007,https://data.humdata.org/dataset/world-bank-social-development-indicators-for-lebanon,,The World Bank,http://linked.aub.edu.lb/CODEC/Lebanon/Dataset/social-development-Lebanon,2007
http://dbpedia.org/resource/Lebanon,SE.ENR.TERT.FM.ZS,1.21E+00,http://linked.aub.edu.lb/CODEC/Lebanon/observation/social-development-Lebanon-SE.ENR.TERT.FM.ZS-2008,https://data.humdata.org/dataset/world-bank-social-development-indicators-for-lebanon,,The World Bank,http://linked.aub.edu.lb/CODEC/Lebanon/Dataset/social-development-Lebanon,2008
http://dbpedia.org/resource/Lebanon,SE.ENR.TERT.FM.ZS,1.17E+00,http://linked.aub.edu.lb/CODEC/Lebanon/observation/social-development-Lebanon-SE.ENR.TERT.FM.ZS-2009,https://data.humdata.org/dataset/world-bank-social-development-indicators-for-lebanon,,The World Bank,http://linked.aub.edu.lb/CODEC/Lebanon/Dataset/social-development-Lebanon,2009
http://dbpedia.org/resource/Lebanon,SE.ENR.TERT.FM.ZS,1.17E+00,http://linked.aub.edu.lb/CODEC/Lebanon/observation/social-development-Lebanon-SE.ENR.TERT.FM.ZS-2010,https://data.humdata.org/dataset/world-bank-social-development-indicators-for-lebanon,,The World Bank,http://linked.aub.edu.lb/CODEC/Lebanon/Dataset/social-development-Lebanon,2010
http://dbpedia.org/resource/Lebanon,SE.ENR.TERT.FM.ZS,1.15E+00,http://linked.aub.edu.lb/CODEC/Lebanon/observation/social-development-Lebanon-SE.ENR.TERT.FM.ZS-2011,https://data.humdata.org/dataset/world-bank-social-development-indicators-for-lebanon,,The World Bank,http://linked.aub.edu.lb/CODEC/Lebanon/Dataset/social-development-Lebanon,2011
http://dbpedia.org/resource/Lebanon,SE.ENR.TERT.FM.ZS,1.19E+00,http://linked.aub.edu.lb/CODEC/Lebanon/observation/social-development-Lebanon-SE.ENR.TERT.FM.ZS-2012,https://data.humdata.org/dataset/world-bank-social-development-indicators-for-lebanon,,The World Bank,http://linked.aub.edu.lb/CODEC/Lebanon/Dataset/social-development-Lebanon,2012
http://dbpedia.org/resource/Lebanon,SE.ENR.TERT.FM.ZS,1.19E+00,http://linked.aub.edu.lb/CODEC/Lebanon/observation/social-development-Lebanon-SE.ENR.TERT.FM.ZS-2013,https://data.humdata.org/dataset/world-bank-social-development-indicators-for-lebanon,,The World Bank,http://linked.aub.edu.lb/CODEC/Lebanon/Dataset/social-development-Lebanon,2013
http://dbpedia.org/resource/Lebanon,SE.ENR.TERT.FM.ZS,1.24E+00,http://linked.aub.edu.lb/CODEC/Lebanon/observation/social-development-Lebanon-SE.ENR.TERT.FM.ZS-2014,https://data.humdata.org/dataset/world-bank-social-development-indicators-for-lebanon,,The World Bank,http://linked.aub.edu.lb/CODEC/Lebanon/Dataset/social-development-Lebanon,2014
http://dbpedia.org/resource/Lebanon,SE.ENR.TERT.FM.ZS,1.08E+00,http://linked.aub.edu.lb/CODEC/Lebanon/observation/social-development-Lebanon-SE.ENR.TERT.FM.ZS-2015,https://data.humdata.org/dataset/world-bank-social-development-indicators-for-lebanon,,The World Bank,http://linked.aub.edu.lb/CODEC/Lebanon/Dataset/social-development-Lebanon,2015
http://dbpedia.org/resource/Lebanon,SE.ENR.TERT.FM.ZS,1.25E+00,http://linked.aub.edu.lb/CODEC/Lebanon/observation/social-development-Lebanon-SE.ENR.TERT.FM.ZS-2016,https://data.humdata.org/dataset/world-bank-social-development-indicators-for-lebanon,,The World Bank,http://linked.aub.edu.lb/CODEC/Lebanon/Dataset/social-development-Lebanon,2016
http://dbpedia.org/resource/Lebanon,SE.ENR.TERT.FM.ZS,1.25E+00,http://linked.aub.edu.lb/CODEC/Lebanon/observation/social-development-Lebanon-SE.ENR.TERT.FM.ZS-2017,https://data.humdata.org/dataset/world-bank-social-development-indicators-for-lebanon,,The World Bank,http://linked.aub.edu.lb/CODEC/Lebanon/Dataset/social-development-Lebanon,2017
http://dbpedia.org/resource/Lebanon,SE.ENR.TERT.FM.ZS,1.25E+00,http://linked.aub.edu.lb/CODEC/Lebanon/observation/social-development-Lebanon-SE.ENR.TERT.FM.ZS-2018,https://data.humdata.org/dataset/world-bank-social-development-indicators-for-lebanon,,The World Bank,http://linked.aub.edu.lb/CODEC/Lebanon/Dataset/social-development-Lebanon,2018
http://dbpedia.org/resource/Lebanon,SE.ENR.TERT.FM.ZS,1.24E+00,http://linked.aub.edu.lb/CODEC/Lebanon/observation/social-development-Lebanon-SE.ENR.TERT.FM.ZS-2019,https://data.humdata.org/dataset/world-bank-social-development-indicators-for-lebanon,,The World Bank,http://linked.aub.edu.lb/CODEC/Lebanon/Dataset/social-development-Lebanon,2019
http://dbpedia.org/resource/Lebanon,SG.GEN.PARL.ZS,2.34E+00,http://linked.aub.edu.lb/CODEC/Lebanon/observation/social-development-Lebanon-SG.GEN.PARL.ZS-1997,https://data.humdata.org/dataset/world-bank-social-development-indicators-for-lebanon,,The World Bank,http://linked.aub.edu.lb/CODEC/Lebanon/Dataset/social-development-Lebanon,1997
http://dbpedia.org/resource/Lebanon,SG.GEN.PARL.ZS,2.34E+00,http://linked.aub.edu.lb/CODEC/Lebanon/observation/social-development-Lebanon-SG.GEN.PARL.ZS-1998,https://data.humdata.org/dataset/world-bank-social-development-indicators-for-lebanon,,The World Bank,http://linked.aub.edu.lb/CODEC/Lebanon/Dataset/social-development-Lebanon,1998
http://dbpedia.org/resource/Lebanon,SG.GEN.PARL.ZS,2.34E+00,http://linked.aub.edu.lb/CODEC/Lebanon/observation/social-development-Lebanon-SG.GEN.PARL.ZS-1999,https://data.humdata.org/dataset/world-bank-social-development-indicators-for-lebanon,,The World Bank,http://linked.aub.edu.lb/CODEC/Lebanon/Dataset/social-development-Lebanon,1999
http://dbpedia.org/resource/Lebanon,SG.GEN.PARL.ZS,2.34E+00,http://linked.aub.edu.lb/CODEC/Lebanon/observation/social-development-Lebanon-SG.GEN.PARL.ZS-2000,https://data.humdata.org/dataset/world-bank-social-development-indicators-for-lebanon,,The World Bank,http://linked.aub.edu.lb/CODEC/Lebanon/Dataset/social-development-Lebanon,2000
http://dbpedia.org/resource/Lebanon,SG.GEN.PARL.ZS,2.34E+00,http://linked.aub.edu.lb/CODEC/Lebanon/observation/social-development-Lebanon-SG.GEN.PARL.ZS-2001,https://data.humdata.org/dataset/world-bank-social-development-indicators-for-lebanon,,The World Bank,http://linked.aub.edu.lb/CODEC/Lebanon/Dataset/social-development-Lebanon,2001
http://dbpedia.org/resource/Lebanon,SG.GEN.PARL.ZS,2.34E+00,http://linked.aub.edu.lb/CODEC/Lebanon/observation/social-development-Lebanon-SG.GEN.PARL.ZS-2002,https://data.humdata.org/dataset/world-bank-social-development-indicators-for-lebanon,,The World Bank,http://linked.aub.edu.lb/CODEC/Lebanon/Dataset/social-development-Lebanon,2002
http://dbpedia.org/resource/Lebanon,SG.GEN.PARL.ZS,2.34E+00,http://linked.aub.edu.lb/CODEC/Lebanon/observation/social-development-Lebanon-SG.GEN.PARL.ZS-2003,https://data.humdata.org/dataset/world-bank-social-development-indicators-for-lebanon,,The World Bank,http://linked.aub.edu.lb/CODEC/Lebanon/Dataset/social-development-Lebanon,2003
http://dbpedia.org/resource/Lebanon,SG.GEN.PARL.ZS,2.34E+00,http://linked.aub.edu.lb/CODEC/Lebanon/observation/social-development-Lebanon-SG.GEN.PARL.ZS-2004,https://data.humdata.org/dataset/world-bank-social-development-indicators-for-lebanon,,The World Bank,http://linked.aub.edu.lb/CODEC/Lebanon/Dataset/social-development-Lebanon,2004
http://dbpedia.org/resource/Lebanon,SG.GEN.PARL.ZS,4.69E+00,http://linked.aub.edu.lb/CODEC/Lebanon/observation/social-development-Lebanon-SG.GEN.PARL.ZS-2005,https://data.humdata.org/dataset/world-bank-social-development-indicators-for-lebanon,,The World Bank,http://linked.aub.edu.lb/CODEC/Lebanon/Dataset/social-development-Lebanon,2005
http://dbpedia.org/resource/Lebanon,SG.GEN.PARL.ZS,4.69E+00,http://linked.aub.edu.lb/CODEC/Lebanon/observation/social-development-Lebanon-SG.GEN.PARL.ZS-2006,https://data.humdata.org/dataset/world-bank-social-development-indicators-for-lebanon,,The World Bank,http://linked.aub.edu.lb/CODEC/Lebanon/Dataset/social-development-Lebanon,2006
http://dbpedia.org/resource/Lebanon,SG.GEN.PARL.ZS,4.69E+00,http://linked.aub.edu.lb/CODEC/Lebanon/observation/social-development-Lebanon-SG.GEN.PARL.ZS-2007,https://data.humdata.org/dataset/world-bank-social-development-indicators-for-lebanon,,The World Bank,http://linked.aub.edu.lb/CODEC/Lebanon/Dataset/social-development-Lebanon,2007
http://dbpedia.org/resource/Lebanon,SG.GEN.PARL.ZS,4.69E+00,http://linked.aub.edu.lb/CODEC/Lebanon/observation/social-development-Lebanon-SG.GEN.PARL.ZS-2008,https://data.humdata.org/dataset/world-bank-social-development-indicators-for-lebanon,,The World Bank,http://linked.aub.edu.lb/CODEC/Lebanon/Dataset/social-development-Lebanon,2008
http://dbpedia.org/resource/Lebanon,SG.GEN.PARL.ZS,3.13E+00,http://linked.aub.edu.lb/CODEC/Lebanon/observation/social-development-Lebanon-SG.GEN.PARL.ZS-2009,https://data.humdata.org/dataset/world-bank-social-development-indicators-for-lebanon,,The World Bank,http://linked.aub.edu.lb/CODEC/Lebanon/Dataset/social-development-Lebanon,2009
http://dbpedia.org/resource/Lebanon,SG.GEN.PARL.ZS,3.13E+00,http://linked.aub.edu.lb/CODEC/Lebanon/observation/social-development-Lebanon-SG.GEN.PARL.ZS-2010,https://data.humdata.org/dataset/world-bank-social-development-indicators-for-lebanon,,The World Bank,http://linked.aub.edu.lb/CODEC/Lebanon/Dataset/social-development-Lebanon,2010
http://dbpedia.org/resource/Lebanon,SG.GEN.PARL.ZS,3.13E+00,http://linked.aub.edu.lb/CODEC/Lebanon/observation/social-development-Lebanon-SG.GEN.PARL.ZS-2011,https://data.humdata.org/dataset/world-bank-social-development-indicators-for-lebanon,,The World Bank,http://linked.aub.edu.lb/CODEC/Lebanon/Dataset/social-development-Lebanon,2011
http://dbpedia.org/resource/Lebanon,SG.GEN.PARL.ZS,3.13E+00,http://linked.aub.edu.lb/CODEC/Lebanon/observation/social-development-Lebanon-SG.GEN.PARL.ZS-2012,https://data.humdata.org/dataset/world-bank-social-development-indicators-for-lebanon,,The World Bank,http://linked.aub.edu.lb/CODEC/Lebanon/Dataset/social-development-Lebanon,2012
http://dbpedia.org/resource/Lebanon,SG.GEN.PARL.ZS,3.13E+00,http://linked.aub.edu.lb/CODEC/Lebanon/observation/social-development-Lebanon-SG.GEN.PARL.ZS-2013,https://data.humdata.org/dataset/world-bank-social-development-indicators-for-lebanon,,The World Bank,http://linked.aub.edu.lb/CODEC/Lebanon/Dataset/social-development-Lebanon,2013
http://dbpedia.org/resource/Lebanon,SG.GEN.PARL.ZS,3.13E+00,http://linked.aub.edu.lb/CODEC/Lebanon/observation/social-development-Lebanon-SG.GEN.PARL.ZS-2014,https://data.humdata.org/dataset/world-bank-social-development-indicators-for-lebanon,,The World Bank,http://linked.aub.edu.lb/CODEC/Lebanon/Dataset/social-development-Lebanon,2014
http://dbpedia.org/resource/Lebanon,SG.GEN.PARL.ZS,3.13E+00,http://linked.aub.edu.lb/CODEC/Lebanon/observation/social-development-Lebanon-SG.GEN.PARL.ZS-2015,https://data.humdata.org/dataset/world-bank-social-development-indicators-for-lebanon,,The World Bank,http://linked.aub.edu.lb/CODEC/Lebanon/Dataset/social-development-Lebanon,2015
http://dbpedia.org/resource/Lebanon,SG.GEN.PARL.ZS,3.13E+00,http://linked.aub.edu.lb/CODEC/Lebanon/observation/social-development-Lebanon-SG.GEN.PARL.ZS-2016,https://data.humdata.org/dataset/world-bank-social-development-indicators-for-lebanon,,The World Bank,http://linked.aub.edu.lb/CODEC/Lebanon/Dataset/social-development-Lebanon,2016
http://dbpedia.org/resource/Lebanon,SG.GEN.PARL.ZS,3.13E+00,http://linked.aub.edu.lb/CODEC/Lebanon/observation/social-development-Lebanon-SG.GEN.PARL.ZS-2017,https://data.humdata.org/dataset/world-bank-social-development-indicators-for-lebanon,,The World Bank,http://linked.aub.edu.lb/CODEC/Lebanon/Dataset/social-development-Lebanon,2017
http://dbpedia.org/resource/Lebanon,SG.GEN.PARL.ZS,4.69E+00,http://linked.aub.edu.lb/CODEC/Lebanon/observation/social-development-Lebanon-SG.GEN.PARL.ZS-2018,https://data.humdata.org/dataset/world-bank-social-development-indicators-for-lebanon,,The World Bank,http://linked.aub.edu.lb/CODEC/Lebanon/Dataset/social-development-Lebanon,2018
http://dbpedia.org/resource/Lebanon,SG.GEN.PARL.ZS,4.69E+00,http://linked.aub.edu.lb/CODEC/Lebanon/observation/social-development-Lebanon-SG.GEN.PARL.ZS-2019,https://data.humdata.org/dataset/world-bank-social-development-indicators-for-lebanon,,The World Bank,http://linked.aub.edu.lb/CODEC/Lebanon/Dataset/social-development-Lebanon,2019
http://dbpedia.org/resource/Lebanon,SG.GEN.PARL.ZS,4.69E+00,http://linked.aub.edu.lb/CODEC/Lebanon/observation/social-development-Lebanon-SG.GEN.PARL.ZS-2020,https://data.humdata.org/dataset/world-bank-social-development-indicators-for-lebanon,,The World Bank,http://linked.aub.edu.lb/CODEC/Lebanon/Dataset/social-development-Lebanon,2020
http://dbpedia.org/resource/Lebanon,SG.GEN.PARL.ZS,4.69E+00,http://linked.aub.edu.lb/CODEC/Lebanon/observation/social-development-Lebanon-SG.GEN.PARL.ZS-2021,https://data.humdata.org/dataset/world-bank-social-development-indicators-for-lebanon,,The World Bank,http://linked.aub.edu.lb/CODEC/Lebanon/Dataset/social-development-Lebanon,2021
http://dbpedia.org/resource/Lebanon,SG.GEN.PARL.ZS,6.25E+00,http://linked.aub.edu.lb/CODEC/Lebanon/observation/social-development-Lebanon-SG.GEN.PARL.ZS-2022,https://data.humdata.org/dataset/world-bank-social-development-indicators-for-lebanon,,The World Bank,http://linked.aub.edu.lb/CODEC/Lebanon/Dataset/social-development-Lebanon,2022
http://dbpedia.org/resource/Lebanon,SH.HIV.1524.FE.ZS,1.00E-01,http://linked.aub.edu.lb/CODEC/Lebanon/observation/social-development-Lebanon-SH.HIV.1524.FE.ZS-1990,https://data.humdata.org/dataset/world-bank-social-development-indicators-for-lebanon,,The World Bank,http://linked.aub.edu.lb/CODEC/Lebanon/Dataset/social-development-Lebanon,1990
http://dbpedia.org/resource/Lebanon,SH.HIV.1524.FE.ZS,1.00E-01,http://linked.aub.edu.lb/CODEC/Lebanon/observation/social-development-Lebanon-SH.HIV.1524.FE.ZS-1991,https://data.humdata.org/dataset/world-bank-social-development-indicators-for-lebanon,,The World Bank,http://linked.aub.edu.lb/CODEC/Lebanon/Dataset/social-development-Lebanon,1991
http://dbpedia.org/resource/Lebanon,SH.HIV.1524.FE.ZS,1.00E-01,http://linked.aub.edu.lb/CODEC/Lebanon/observation/social-development-Lebanon-SH.HIV.1524.FE.ZS-1992,https://data.humdata.org/dataset/world-bank-social-development-indicators-for-lebanon,,The World Bank,http://linked.aub.edu.lb/CODEC/Lebanon/Dataset/social-development-Lebanon,1992
http://dbpedia.org/resource/Lebanon,SH.HIV.1524.FE.ZS,1.00E-01,http://linked.aub.edu.lb/CODEC/Lebanon/observation/social-development-Lebanon-SH.HIV.1524.FE.ZS-1993,https://data.humdata.org/dataset/world-bank-social-development-indicators-for-lebanon,,The World Bank,http://linked.aub.edu.lb/CODEC/Lebanon/Dataset/social-development-Lebanon,1993
http://dbpedia.org/resource/Lebanon,SH.HIV.1524.FE.ZS,1.00E-01,http://linked.aub.edu.lb/CODEC/Lebanon/observation/social-development-Lebanon-SH.HIV.1524.FE.ZS-1994,https://data.humdata.org/dataset/world-bank-social-development-indicators-for-lebanon,,The World Bank,http://linked.aub.edu.lb/CODEC/Lebanon/Dataset/social-development-Lebanon,1994
http://dbpedia.org/resource/Lebanon,SH.HIV.1524.FE.ZS,1.00E-01,http://linked.aub.edu.lb/CODEC/Lebanon/observation/social-development-Lebanon-SH.HIV.1524.FE.ZS-1995,https://data.humdata.org/dataset/world-bank-social-development-indicators-for-lebanon,,The World Bank,http://linked.aub.edu.lb/CODEC/Lebanon/Dataset/social-development-Lebanon,1995
http://dbpedia.org/resource/Lebanon,SH.HIV.1524.FE.ZS,1.00E-01,http://linked.aub.edu.lb/CODEC/Lebanon/observation/social-development-Lebanon-SH.HIV.1524.FE.ZS-1996,https://data.humdata.org/dataset/world-bank-social-development-indicators-for-lebanon,,The World Bank,http://linked.aub.edu.lb/CODEC/Lebanon/Dataset/social-development-Lebanon,1996
http://dbpedia.org/resource/Lebanon,SH.HIV.1524.FE.ZS,1.00E-01,http://linked.aub.edu.lb/CODEC/Lebanon/observation/social-development-Lebanon-SH.HIV.1524.FE.ZS-1997,https://data.humdata.org/dataset/world-bank-social-development-indicators-for-lebanon,,The World Bank,http://linked.aub.edu.lb/CODEC/Lebanon/Dataset/social-development-Lebanon,1997
http://dbpedia.org/resource/Lebanon,SH.HIV.1524.FE.ZS,1.00E-01,http://linked.aub.edu.lb/CODEC/Lebanon/observation/social-development-Lebanon-SH.HIV.1524.FE.ZS-1998,https://data.humdata.org/dataset/world-bank-social-development-indicators-for-lebanon,,The World Bank,http://linked.aub.edu.lb/CODEC/Lebanon/Dataset/social-development-Lebanon,1998
http://dbpedia.org/resource/Lebanon,SH.HIV.1524.FE.ZS,1.00E-01,http://linked.aub.edu.lb/CODEC/Lebanon/observation/social-development-Lebanon-SH.HIV.1524.FE.ZS-1999,https://data.humdata.org/dataset/world-bank-social-development-indicators-for-lebanon,,The World Bank,http://linked.aub.edu.lb/CODEC/Lebanon/Dataset/social-development-Lebanon,1999
http://dbpedia.org/resource/Lebanon,SH.HIV.1524.FE.ZS,1.00E-01,http://linked.aub.edu.lb/CODEC/Lebanon/observation/social-development-Lebanon-SH.HIV.1524.FE.ZS-2000,https://data.humdata.org/dataset/world-bank-social-development-indicators-for-lebanon,,The World Bank,http://linked.aub.edu.lb/CODEC/Lebanon/Dataset/social-development-Lebanon,2000
http://dbpedia.org/resource/Lebanon,SH.HIV.1524.FE.ZS,1.00E-01,http://linked.aub.edu.lb/CODEC/Lebanon/observation/social-development-Lebanon-SH.HIV.1524.FE.ZS-2001,https://data.humdata.org/dataset/world-bank-social-development-indicators-for-lebanon,,The World Bank,http://linked.aub.edu.lb/CODEC/Lebanon/Dataset/social-development-Lebanon,2001
http://dbpedia.org/resource/Lebanon,SH.HIV.1524.FE.ZS,1.00E-01,http://linked.aub.edu.lb/CODEC/Lebanon/observation/social-development-Lebanon-SH.HIV.1524.FE.ZS-2002,https://data.humdata.org/dataset/world-bank-social-development-indicators-for-lebanon,,The World Bank,http://linked.aub.edu.lb/CODEC/Lebanon/Dataset/social-development-Lebanon,2002
http://dbpedia.org/resource/Lebanon,SH.HIV.1524.FE.ZS,1.00E-01,http://linked.aub.edu.lb/CODEC/Lebanon/observation/social-development-Lebanon-SH.HIV.1524.FE.ZS-2003,https://data.humdata.org/dataset/world-bank-social-development-indicators-for-lebanon,,The World Bank,http://linked.aub.edu.lb/CODEC/Lebanon/Dataset/social-development-Lebanon,2003
http://dbpedia.org/resource/Lebanon,SH.HIV.1524.FE.ZS,1.00E-01,http://linked.aub.edu.lb/CODEC/Lebanon/observation/social-development-Lebanon-SH.HIV.1524.FE.ZS-2004,https://data.humdata.org/dataset/world-bank-social-development-indicators-for-lebanon,,The World Bank,http://linked.aub.edu.lb/CODEC/Lebanon/Dataset/social-development-Lebanon,2004
http://dbpedia.org/resource/Lebanon,SH.HIV.1524.FE.ZS,1.00E-01,http://linked.aub.edu.lb/CODEC/Lebanon/observation/social-development-Lebanon-SH.HIV.1524.FE.ZS-2005,https://data.humdata.org/dataset/world-bank-social-development-indicators-for-lebanon,,The World Bank,http://linked.aub.edu.lb/CODEC/Lebanon/Dataset/social-development-Lebanon,2005
http://dbpedia.org/resource/Lebanon,SH.HIV.1524.FE.ZS,1.00E-01,http://linked.aub.edu.lb/CODEC/Lebanon/observation/social-development-Lebanon-SH.HIV.1524.FE.ZS-2006,https://data.humdata.org/dataset/world-bank-social-development-indicators-for-lebanon,,The World Bank,http://linked.aub.edu.lb/CODEC/Lebanon/Dataset/social-development-Lebanon,2006
http://dbpedia.org/resource/Lebanon,SH.HIV.1524.FE.ZS,1.00E-01,http://linked.aub.edu.lb/CODEC/Lebanon/observation/social-development-Lebanon-SH.HIV.1524.FE.ZS-2007,https://data.humdata.org/dataset/world-bank-social-development-indicators-for-lebanon,,The World Bank,http://linked.aub.edu.lb/CODEC/Lebanon/Dataset/social-development-Lebanon,2007
http://dbpedia.org/resource/Lebanon,SH.HIV.1524.FE.ZS,1.00E-01,http://linked.aub.edu.lb/CODEC/Lebanon/observation/social-development-Lebanon-SH.HIV.1524.FE.ZS-2008,https://data.humdata.org/dataset/world-bank-social-development-indicators-for-lebanon,,The World Bank,http://linked.aub.edu.lb/CODEC/Lebanon/Dataset/social-development-Lebanon,2008
http://dbpedia.org/resource/Lebanon,SH.HIV.1524.FE.ZS,1.00E-01,http://linked.aub.edu.lb/CODEC/Lebanon/observation/social-development-Lebanon-SH.HIV.1524.FE.ZS-2009,https://data.humdata.org/dataset/world-bank-social-development-indicators-for-lebanon,,The World Bank,http://linked.aub.edu.lb/CODEC/Lebanon/Dataset/social-development-Lebanon,2009
http://dbpedia.org/resource/Lebanon,SH.HIV.1524.FE.ZS,1.00E-01,http://linked.aub.edu.lb/CODEC/Lebanon/observation/social-development-Lebanon-SH.HIV.1524.FE.ZS-2010,https://data.humdata.org/dataset/world-bank-social-development-indicators-for-lebanon,,The World Bank,http://linked.aub.edu.lb/CODEC/Lebanon/Dataset/social-development-Lebanon,2010
http://dbpedia.org/resource/Lebanon,SH.HIV.1524.FE.ZS,1.00E-01,http://linked.aub.edu.lb/CODEC/Lebanon/observation/social-development-Lebanon-SH.HIV.1524.FE.ZS-2011,https://data.humdata.org/dataset/world-bank-social-development-indicators-for-lebanon,,The World Bank,http://linked.aub.edu.lb/CODEC/Lebanon/Dataset/social-development-Lebanon,2011
http://dbpedia.org/resource/Lebanon,SH.HIV.1524.FE.ZS,1.00E-01,http://linked.aub.edu.lb/CODEC/Lebanon/observation/social-development-Lebanon-SH.HIV.1524.FE.ZS-2012,https://data.humdata.org/dataset/world-bank-social-development-indicators-for-lebanon,,The World Bank,http://linked.aub.edu.lb/CODEC/Lebanon/Dataset/social-development-Lebanon,2012
http://dbpedia.org/resource/Lebanon,SH.HIV.1524.FE.ZS,1.00E-01,http://linked.aub.edu.lb/CODEC/Lebanon/observation/social-development-Lebanon-SH.HIV.1524.FE.ZS-2013,https://data.humdata.org/dataset/world-bank-social-development-indicators-for-lebanon,,The World Bank,http://linked.aub.edu.lb/CODEC/Lebanon/Dataset/social-development-Lebanon,2013
http://dbpedia.org/resource/Lebanon,SH.HIV.1524.FE.ZS,1.00E-01,http://linked.aub.edu.lb/CODEC/Lebanon/observation/social-development-Lebanon-SH.HIV.1524.FE.ZS-2014,https://data.humdata.org/dataset/world-bank-social-development-indicators-for-lebanon,,The World Bank,http://linked.aub.edu.lb/CODEC/Lebanon/Dataset/social-development-Lebanon,2014
http://dbpedia.org/resource/Lebanon,SH.HIV.1524.FE.ZS,1.00E-01,http://linked.aub.edu.lb/CODEC/Lebanon/observation/social-development-Lebanon-SH.HIV.1524.FE.ZS-2015,https://data.humdata.org/dataset/world-bank-social-development-indicators-for-lebanon,,The World Bank,http://linked.aub.edu.lb/CODEC/Lebanon/Dataset/social-development-Lebanon,2015
http://dbpedia.org/resource/Lebanon,SH.HIV.1524.FE.ZS,1.00E-01,http://linked.aub.edu.lb/CODEC/Lebanon/observation/social-development-Lebanon-SH.HIV.1524.FE.ZS-2016,https://data.humdata.org/dataset/world-bank-social-development-indicators-for-lebanon,,The World Bank,http://linked.aub.edu.lb/CODEC/Lebanon/Dataset/social-development-Lebanon,2016
http://dbpedia.org/resource/Lebanon,SH.HIV.1524.FE.ZS,1.00E-01,http://linked.aub.edu.lb/CODEC/Lebanon/observation/social-development-Lebanon-SH.HIV.1524.FE.ZS-2017,https://data.humdata.org/dataset/world-bank-social-development-indicators-for-lebanon,,The World Bank,http://linked.aub.edu.lb/CODEC/Lebanon/Dataset/social-development-Lebanon,2017
http://dbpedia.org/resource/Lebanon,SH.HIV.1524.FE.ZS,1.00E-01,http://linked.aub.edu.lb/CODEC/Lebanon/observation/social-development-Lebanon-SH.HIV.1524.FE.ZS-2018,https://data.humdata.org/dataset/world-bank-social-development-indicators-for-lebanon,,The World Bank,http://linked.aub.edu.lb/CODEC/Lebanon/Dataset/social-development-Lebanon,2018
http://dbpedia.org/resource/Lebanon,SH.HIV.1524.FE.ZS,1.00E-01,http://linked.aub.edu.lb/CODEC/Lebanon/observation/social-development-Lebanon-SH.HIV.1524.FE.ZS-2019,https://data.humdata.org/dataset/world-bank-social-development-indicators-for-lebanon,,The World Bank,http://linked.aub.edu.lb/CODEC/Lebanon/Dataset/social-development-Lebanon,2019
http://dbpedia.org/resource/Lebanon,SH.HIV.1524.FE.ZS,1.00E-01,http://linked.aub.edu.lb/CODEC/Lebanon/observation/social-development-Lebanon-SH.HIV.1524.FE.ZS-2020,https://data.humdata.org/dataset/world-bank-social-development-indicators-for-lebanon,,The World Bank,http://linked.aub.edu.lb/CODEC/Lebanon/Dataset/social-development-Lebanon,2020
http://dbpedia.org/resource/Lebanon,SH.HIV.1524.FE.ZS,1.00E-01,http://linked.aub.edu.lb/CODEC/Lebanon/observation/social-development-Lebanon-SH.HIV.1524.FE.ZS-2021,https://data.humdata.org/dataset/world-bank-social-development-indicators-for-lebanon,,The World Bank,http://linked.aub.edu.lb/CODEC/Lebanon/Dataset/social-development-Lebanon,2021
http://dbpedia.org/resource/Lebanon,SH.HIV.1524.MA.ZS,1.00E-01,http://linked.aub.edu.lb/CODEC/Lebanon/observation/social-development-Lebanon-SH.HIV.1524.MA.ZS-1990,https://data.humdata.org/dataset/world-bank-social-development-indicators-for-lebanon,,The World Bank,http://linked.aub.edu.lb/CODEC/Lebanon/Dataset/social-development-Lebanon,1990
http://dbpedia.org/resource/Lebanon,SH.HIV.1524.MA.ZS,1.00E-01,http://linked.aub.edu.lb/CODEC/Lebanon/observation/social-development-Lebanon-SH.HIV.1524.MA.ZS-1991,https://data.humdata.org/dataset/world-bank-social-development-indicators-for-lebanon,,The World Bank,http://linked.aub.edu.lb/CODEC/Lebanon/Dataset/social-development-Lebanon,1991
http://dbpedia.org/resource/Lebanon,SH.HIV.1524.MA.ZS,1.00E-01,http://linked.aub.edu.lb/CODEC/Lebanon/observation/social-development-Lebanon-SH.HIV.1524.MA.ZS-1992,https://data.humdata.org/dataset/world-bank-social-development-indicators-for-lebanon,,The World Bank,http://linked.aub.edu.lb/CODEC/Lebanon/Dataset/social-development-Lebanon,1992
http://dbpedia.org/resource/Lebanon,SH.HIV.1524.MA.ZS,1.00E-01,http://linked.aub.edu.lb/CODEC/Lebanon/observation/social-development-Lebanon-SH.HIV.1524.MA.ZS-1993,https://data.humdata.org/dataset/world-bank-social-development-indicators-for-lebanon,,The World Bank,http://linked.aub.edu.lb/CODEC/Lebanon/Dataset/social-development-Lebanon,1993
http://dbpedia.org/resource/Lebanon,SH.HIV.1524.MA.ZS,1.00E-01,http://linked.aub.edu.lb/CODEC/Lebanon/observation/social-development-Lebanon-SH.HIV.1524.MA.ZS-1994,https://data.humdata.org/dataset/world-bank-social-development-indicators-for-lebanon,,The World Bank,http://linked.aub.edu.lb/CODEC/Lebanon/Dataset/social-development-Lebanon,1994
http://dbpedia.org/resource/Lebanon,SH.HIV.1524.MA.ZS,1.00E-01,http://linked.aub.edu.lb/CODEC/Lebanon/observation/social-development-Lebanon-SH.HIV.1524.MA.ZS-1995,https://data.humdata.org/dataset/world-bank-social-development-indicators-for-lebanon,,The World Bank,http://linked.aub.edu.lb/CODEC/Lebanon/Dataset/social-development-Lebanon,1995
http://dbpedia.org/resource/Lebanon,SH.HIV.1524.MA.ZS,1.00E-01,http://linked.aub.edu.lb/CODEC/Lebanon/observation/social-development-Lebanon-SH.HIV.1524.MA.ZS-1996,https://data.humdata.org/dataset/world-bank-social-development-indicators-for-lebanon,,The World Bank,http://linked.aub.edu.lb/CODEC/Lebanon/Dataset/social-development-Lebanon,1996
http://dbpedia.org/resource/Lebanon,SH.HIV.1524.MA.ZS,1.00E-01,http://linked.aub.edu.lb/CODEC/Lebanon/observation/social-development-Lebanon-SH.HIV.1524.MA.ZS-1997,https://data.humdata.org/dataset/world-bank-social-development-indicators-for-lebanon,,The World Bank,http://linked.aub.edu.lb/CODEC/Lebanon/Dataset/social-development-Lebanon,1997
http://dbpedia.org/resource/Lebanon,SH.HIV.1524.MA.ZS,1.00E-01,http://linked.aub.edu.lb/CODEC/Lebanon/observation/social-development-Lebanon-SH.HIV.1524.MA.ZS-1998,https://data.humdata.org/dataset/world-bank-social-development-indicators-for-lebanon,,The World Bank,http://linked.aub.edu.lb/CODEC/Lebanon/Dataset/social-development-Lebanon,1998
http://dbpedia.org/resource/Lebanon,SH.HIV.1524.MA.ZS,1.00E-01,http://linked.aub.edu.lb/CODEC/Lebanon/observation/social-development-Lebanon-SH.HIV.1524.MA.ZS-1999,https://data.humdata.org/dataset/world-bank-social-development-indicators-for-lebanon,,The World Bank,http://linked.aub.edu.lb/CODEC/Lebanon/Dataset/social-development-Lebanon,1999
http://dbpedia.org/resource/Lebanon,SH.HIV.1524.MA.ZS,1.00E-01,http://linked.aub.edu.lb/CODEC/Lebanon/observation/social-development-Lebanon-SH.HIV.1524.MA.ZS-2000,https://data.humdata.org/dataset/world-bank-social-development-indicators-for-lebanon,,The World Bank,http://linked.aub.edu.lb/CODEC/Lebanon/Dataset/social-development-Lebanon,2000
http://dbpedia.org/resource/Lebanon,SH.HIV.1524.MA.ZS,1.00E-01,http://linked.aub.edu.lb/CODEC/Lebanon/observation/social-development-Lebanon-SH.HIV.1524.MA.ZS-2001,https://data.humdata.org/dataset/world-bank-social-development-indicators-for-lebanon,,The World Bank,http://linked.aub.edu.lb/CODEC/Lebanon/Dataset/social-development-Lebanon,2001
http://dbpedia.org/resource/Lebanon,SH.HIV.1524.MA.ZS,1.00E-01,http://linked.aub.edu.lb/CODEC/Lebanon/observation/social-development-Lebanon-SH.HIV.1524.MA.ZS-2002,https://data.humdata.org/dataset/world-bank-social-development-indicators-for-lebanon,,The World Bank,http://linked.aub.edu.lb/CODEC/Lebanon/Dataset/social-development-Lebanon,2002
http://dbpedia.org/resource/Lebanon,SH.HIV.1524.MA.ZS,1.00E-01,http://linked.aub.edu.lb/CODEC/Lebanon/observation/social-development-Lebanon-SH.HIV.1524.MA.ZS-2003,https://data.humdata.org/dataset/world-bank-social-development-indicators-for-lebanon,,The World Bank,http://linked.aub.edu.lb/CODEC/Lebanon/Dataset/social-development-Lebanon,2003
http://dbpedia.org/resource/Lebanon,SH.HIV.1524.MA.ZS,1.00E-01,http://linked.aub.edu.lb/CODEC/Lebanon/observation/social-development-Lebanon-SH.HIV.1524.MA.ZS-2004,https://data.humdata.org/dataset/world-bank-social-development-indicators-for-lebanon,,The World Bank,http://linked.aub.edu.lb/CODEC/Lebanon/Dataset/social-development-Lebanon,2004
http://dbpedia.org/resource/Lebanon,SH.HIV.1524.MA.ZS,1.00E-01,http://linked.aub.edu.lb/CODEC/Lebanon/observation/social-development-Lebanon-SH.HIV.1524.MA.ZS-2005,https://data.humdata.org/dataset/world-bank-social-development-indicators-for-lebanon,,The World Bank,http://linked.aub.edu.lb/CODEC/Lebanon/Dataset/social-development-Lebanon,2005
http://dbpedia.org/resource/Lebanon,SH.HIV.1524.MA.ZS,1.00E-01,http://linked.aub.edu.lb/CODEC/Lebanon/observation/social-development-Lebanon-SH.HIV.1524.MA.ZS-2006,https://data.humdata.org/dataset/world-bank-social-development-indicators-for-lebanon,,The World Bank,http://linked.aub.edu.lb/CODEC/Lebanon/Dataset/social-development-Lebanon,2006
http://dbpedia.org/resource/Lebanon,SH.HIV.1524.MA.ZS,1.00E-01,http://linked.aub.edu.lb/CODEC/Lebanon/observation/social-development-Lebanon-SH.HIV.1524.MA.ZS-2007,https://data.humdata.org/dataset/world-bank-social-development-indicators-for-lebanon,,The World Bank,http://linked.aub.edu.lb/CODEC/Lebanon/Dataset/social-development-Lebanon,2007
http://dbpedia.org/resource/Lebanon,SH.HIV.1524.MA.ZS,1.00E-01,http://linked.aub.edu.lb/CODEC/Lebanon/observation/social-development-Lebanon-SH.HIV.1524.MA.ZS-2008,https://data.humdata.org/dataset/world-bank-social-development-indicators-for-lebanon,,The World Bank,http://linked.aub.edu.lb/CODEC/Lebanon/Dataset/social-development-Lebanon,2008
http://dbpedia.org/resource/Lebanon,SH.HIV.1524.MA.ZS,1.00E-01,http://linked.aub.edu.lb/CODEC/Lebanon/observation/social-development-Lebanon-SH.HIV.1524.MA.ZS-2009,https://data.humdata.org/dataset/world-bank-social-development-indicators-for-lebanon,,The World Bank,http://linked.aub.edu.lb/CODEC/Lebanon/Dataset/social-development-Lebanon,2009
http://dbpedia.org/resource/Lebanon,SH.HIV.1524.MA.ZS,1.00E-01,http://linked.aub.edu.lb/CODEC/Lebanon/observation/social-development-Lebanon-SH.HIV.1524.MA.ZS-2010,https://data.humdata.org/dataset/world-bank-social-development-indicators-for-lebanon,,The World Bank,http://linked.aub.edu.lb/CODEC/Lebanon/Dataset/social-development-Lebanon,2010
http://dbpedia.org/resource/Lebanon,SH.HIV.1524.MA.ZS,1.00E-01,http://linked.aub.edu.lb/CODEC/Lebanon/observation/social-development-Lebanon-SH.HIV.1524.MA.ZS-2011,https://data.humdata.org/dataset/world-bank-social-development-indicators-for-lebanon,,The World Bank,http://linked.aub.edu.lb/CODEC/Lebanon/Dataset/social-development-Lebanon,2011
http://dbpedia.org/resource/Lebanon,SH.HIV.1524.MA.ZS,1.00E-01,http://linked.aub.edu.lb/CODEC/Lebanon/observation/social-development-Lebanon-SH.HIV.1524.MA.ZS-2012,https://data.humdata.org/dataset/world-bank-social-development-indicators-for-lebanon,,The World Bank,http://linked.aub.edu.lb/CODEC/Lebanon/Dataset/social-development-Lebanon,2012
http://dbpedia.org/resource/Lebanon,SH.HIV.1524.MA.ZS,1.00E-01,http://linked.aub.edu.lb/CODEC/Lebanon/observation/social-development-Lebanon-SH.HIV.1524.MA.ZS-2013,https://data.humdata.org/dataset/world-bank-social-development-indicators-for-lebanon,,The World Bank,http://linked.aub.edu.lb/CODEC/Lebanon/Dataset/social-development-Lebanon,2013
http://dbpedia.org/resource/Lebanon,SH.HIV.1524.MA.ZS,1.00E-01,http://linked.aub.edu.lb/CODEC/Lebanon/observation/social-development-Lebanon-SH.HIV.1524.MA.ZS-2014,https://data.humdata.org/dataset/world-bank-social-development-indicators-for-lebanon,,The World Bank,http://linked.aub.edu.lb/CODEC/Lebanon/Dataset/social-development-Lebanon,2014
http://dbpedia.org/resource/Lebanon,SH.HIV.1524.MA.ZS,1.00E-01,http://linked.aub.edu.lb/CODEC/Lebanon/observation/social-development-Lebanon-SH.HIV.1524.MA.ZS-2015,https://data.humdata.org/dataset/world-bank-social-development-indicators-for-lebanon,,The World Bank,http://linked.aub.edu.lb/CODEC/Lebanon/Dataset/social-development-Lebanon,2015
http://dbpedia.org/resource/Lebanon,SH.HIV.1524.MA.ZS,1.00E-01,http://linked.aub.edu.lb/CODEC/Lebanon/observation/social-development-Lebanon-SH.HIV.1524.MA.ZS-2016,https://data.humdata.org/dataset/world-bank-social-development-indicators-for-lebanon,,The World Bank,http://linked.aub.edu.lb/CODEC/Lebanon/Dataset/social-development-Lebanon,2016
http://dbpedia.org/resource/Lebanon,SH.HIV.1524.MA.ZS,1.00E-01,http://linked.aub.edu.lb/CODEC/Lebanon/observation/social-development-Lebanon-SH.HIV.1524.MA.ZS-2017,https://data.humdata.org/dataset/world-bank-social-development-indicators-for-lebanon,,The World Bank,http://linked.aub.edu.lb/CODEC/Lebanon/Dataset/social-development-Lebanon,2017
http://dbpedia.org/resource/Lebanon,SH.HIV.1524.MA.ZS,1.00E-01,http://linked.aub.edu.lb/CODEC/Lebanon/observation/social-development-Lebanon-SH.HIV.1524.MA.ZS-2018,https://data.humdata.org/dataset/world-bank-social-development-indicators-for-lebanon,,The World Bank,http://linked.aub.edu.lb/CODEC/Lebanon/Dataset/social-development-Lebanon,2018
http://dbpedia.org/resource/Lebanon,SH.HIV.1524.MA.ZS,1.00E-01,http://linked.aub.edu.lb/CODEC/Lebanon/observation/social-development-Lebanon-SH.HIV.1524.MA.ZS-2019,https://data.humdata.org/dataset/world-bank-social-development-indicators-for-lebanon,,The World Bank,http://linked.aub.edu.lb/CODEC/Lebanon/Dataset/social-development-Lebanon,2019
http://dbpedia.org/resource/Lebanon,SH.HIV.1524.MA.ZS,1.00E-01,http://linked.aub.edu.lb/CODEC/Lebanon/observation/social-development-Lebanon-SH.HIV.1524.MA.ZS-2020,https://data.humdata.org/dataset/world-bank-social-development-indicators-for-lebanon,,The World Bank,http://linked.aub.edu.lb/CODEC/Lebanon/Dataset/social-development-Lebanon,2020
http://dbpedia.org/resource/Lebanon,SH.HIV.1524.MA.ZS,1.00E-01,http://linked.aub.edu.lb/CODEC/Lebanon/observation/social-development-Lebanon-SH.HIV.1524.MA.ZS-2021,https://data.humdata.org/dataset/world-bank-social-development-indicators-for-lebanon,,The World Bank,http://linked.aub.edu.lb/CODEC/Lebanon/Dataset/social-development-Lebanon,2021
http://dbpedia.org/resource/Lebanon,SL.EMP.VULN.FE.ZS,1.49E+01,http://linked.aub.edu.lb/CODEC/Lebanon/observation/social-development-Lebanon-SL.EMP.VULN.FE.ZS-1991,https://data.humdata.org/dataset/world-bank-social-development-indicators-for-lebanon,,The World Bank,http://linked.aub.edu.lb/CODEC/Lebanon/Dataset/social-development-Lebanon,1991
http://dbpedia.org/resource/Lebanon,SL.EMP.VULN.FE.ZS,1.48E+01,http://linked.aub.edu.lb/CODEC/Lebanon/observation/social-development-Lebanon-SL.EMP.VULN.FE.ZS-1992,https://data.humdata.org/dataset/world-bank-social-development-indicators-for-lebanon,,The World Bank,http://linked.aub.edu.lb/CODEC/Lebanon/Dataset/social-development-Lebanon,1992
http://dbpedia.org/resource/Lebanon,SL.EMP.VULN.FE.ZS,1.47E+01,http://linked.aub.edu.lb/CODEC/Lebanon/observation/social-development-Lebanon-SL.EMP.VULN.FE.ZS-1993,https://data.humdata.org/dataset/world-bank-social-development-indicators-for-lebanon,,The World Bank,http://linked.aub.edu.lb/CODEC/Lebanon/Dataset/social-development-Lebanon,1993
http://dbpedia.org/resource/Lebanon,SL.EMP.VULN.FE.ZS,1.46E+01,http://linked.aub.edu.lb/CODEC/Lebanon/observation/social-development-Lebanon-SL.EMP.VULN.FE.ZS-1994,https://data.humdata.org/dataset/world-bank-social-development-indicators-for-lebanon,,The World Bank,http://linked.aub.edu.lb/CODEC/Lebanon/Dataset/social-development-Lebanon,1994
http://dbpedia.org/resource/Lebanon,SL.EMP.VULN.FE.ZS,1.45E+01,http://linked.aub.edu.lb/CODEC/Lebanon/observation/social-development-Lebanon-SL.EMP.VULN.FE.ZS-1995,https://data.humdata.org/dataset/world-bank-social-development-indicators-for-lebanon,,The World Bank,http://linked.aub.edu.lb/CODEC/Lebanon/Dataset/social-development-Lebanon,1995
http://dbpedia.org/resource/Lebanon,SL.EMP.VULN.FE.ZS,1.42E+01,http://linked.aub.edu.lb/CODEC/Lebanon/observation/social-development-Lebanon-SL.EMP.VULN.FE.ZS-1996,https://data.humdata.org/dataset/world-bank-social-development-indicators-for-lebanon,,The World Bank,http://linked.aub.edu.lb/CODEC/Lebanon/Dataset/social-development-Lebanon,1996
http://dbpedia.org/resource/Lebanon,SL.EMP.VULN.FE.ZS,1.41E+01,http://linked.aub.edu.lb/CODEC/Lebanon/observation/social-development-Lebanon-SL.EMP.VULN.FE.ZS-1997,https://data.humdata.org/dataset/world-bank-social-development-indicators-for-lebanon,,The World Bank,http://linked.aub.edu.lb/CODEC/Lebanon/Dataset/social-development-Lebanon,1997
http://dbpedia.org/resource/Lebanon,SL.EMP.VULN.FE.ZS,1.38E+01,http://linked.aub.edu.lb/CODEC/Lebanon/observation/social-development-Lebanon-SL.EMP.VULN.FE.ZS-1998,https://data.humdata.org/dataset/world-bank-social-development-indicators-for-lebanon,,The World Bank,http://linked.aub.edu.lb/CODEC/Lebanon/Dataset/social-development-Lebanon,1998
http://dbpedia.org/resource/Lebanon,SL.EMP.VULN.FE.ZS,1.38E+01,http://linked.aub.edu.lb/CODEC/Lebanon/observation/social-development-Lebanon-SL.EMP.VULN.FE.ZS-1999,https://data.humdata.org/dataset/world-bank-social-development-indicators-for-lebanon,,The World Bank,http://linked.aub.edu.lb/CODEC/Lebanon/Dataset/social-development-Lebanon,1999
http://dbpedia.org/resource/Lebanon,SL.EMP.VULN.FE.ZS,1.38E+01,http://linked.aub.edu.lb/CODEC/Lebanon/observation/social-development-Lebanon-SL.EMP.VULN.FE.ZS-2000,https://data.humdata.org/dataset/world-bank-social-development-indicators-for-lebanon,,The World Bank,http://linked.aub.edu.lb/CODEC/Lebanon/Dataset/social-development-Lebanon,2000
http://dbpedia.org/resource/Lebanon,SL.EMP.VULN.FE.ZS,1.38E+01,http://linked.aub.edu.lb/CODEC/Lebanon/observation/social-development-Lebanon-SL.EMP.VULN.FE.ZS-2001,https://data.humdata.org/dataset/world-bank-social-development-indicators-for-lebanon,,The World Bank,http://linked.aub.edu.lb/CODEC/Lebanon/Dataset/social-development-Lebanon,2001
http://dbpedia.org/resource/Lebanon,SL.EMP.VULN.FE.ZS,1.38E+01,http://linked.aub.edu.lb/CODEC/Lebanon/observation/social-development-Lebanon-SL.EMP.VULN.FE.ZS-2002,https://data.humdata.org/dataset/world-bank-social-development-indicators-for-lebanon,,The World Bank,http://linked.aub.edu.lb/CODEC/Lebanon/Dataset/social-development-Lebanon,2002
http://dbpedia.org/resource/Lebanon,SL.EMP.VULN.FE.ZS,1.40E+01,http://linked.aub.edu.lb/CODEC/Lebanon/observation/social-development-Lebanon-SL.EMP.VULN.FE.ZS-2003,https://data.humdata.org/dataset/world-bank-social-development-indicators-for-lebanon,,The World Bank,http://linked.aub.edu.lb/CODEC/Lebanon/Dataset/social-development-Lebanon,2003
http://dbpedia.org/resource/Lebanon,SL.EMP.VULN.FE.ZS,1.40E+01,http://linked.aub.edu.lb/CODEC/Lebanon/observation/social-development-Lebanon-SL.EMP.VULN.FE.ZS-2004,https://data.humdata.org/dataset/world-bank-social-development-indicators-for-lebanon,,The World Bank,http://linked.aub.edu.lb/CODEC/Lebanon/Dataset/social-development-Lebanon,2004
http://dbpedia.org/resource/Lebanon,SL.EMP.VULN.FE.ZS,1.45E+01,http://linked.aub.edu.lb/CODEC/Lebanon/observation/social-development-Lebanon-SL.EMP.VULN.FE.ZS-2005,https://data.humdata.org/dataset/world-bank-social-development-indicators-for-lebanon,,The World Bank,http://linked.aub.edu.lb/CODEC/Lebanon/Dataset/social-development-Lebanon,2005
http://dbpedia.org/resource/Lebanon,SL.EMP.VULN.FE.ZS,1.52E+01,http://linked.aub.edu.lb/CODEC/Lebanon/observation/social-development-Lebanon-SL.EMP.VULN.FE.ZS-2006,https://data.humdata.org/dataset/world-bank-social-development-indicators-for-lebanon,,The World Bank,http://linked.aub.edu.lb/CODEC/Lebanon/Dataset/social-development-Lebanon,2006
http://dbpedia.org/resource/Lebanon,SL.EMP.VULN.FE.ZS,1.57E+01,http://linked.aub.edu.lb/CODEC/Lebanon/observation/social-development-Lebanon-SL.EMP.VULN.FE.ZS-2007,https://data.humdata.org/dataset/world-bank-social-development-indicators-for-lebanon,,The World Bank,http://linked.aub.edu.lb/CODEC/Lebanon/Dataset/social-development-Lebanon,2007
http://dbpedia.org/resource/Lebanon,SL.EMP.VULN.FE.ZS,1.53E+01,http://linked.aub.edu.lb/CODEC/Lebanon/observation/social-development-Lebanon-SL.EMP.VULN.FE.ZS-2008,https://data.humdata.org/dataset/world-bank-social-development-indicators-for-lebanon,,The World Bank,http://linked.aub.edu.lb/CODEC/Lebanon/Dataset/social-development-Lebanon,2008
http://dbpedia.org/resource/Lebanon,SL.EMP.VULN.FE.ZS,1.46E+01,http://linked.aub.edu.lb/CODEC/Lebanon/observation/social-development-Lebanon-SL.EMP.VULN.FE.ZS-2009,https://data.humdata.org/dataset/world-bank-social-development-indicators-for-lebanon,,The World Bank,http://linked.aub.edu.lb/CODEC/Lebanon/Dataset/social-development-Lebanon,2009
http://dbpedia.org/resource/Lebanon,SL.EMP.VULN.FE.ZS,1.41E+01,http://linked.aub.edu.lb/CODEC/Lebanon/observation/social-development-Lebanon-SL.EMP.VULN.FE.ZS-2010,https://data.humdata.org/dataset/world-bank-social-development-indicators-for-lebanon,,The World Bank,http://linked.aub.edu.lb/CODEC/Lebanon/Dataset/social-development-Lebanon,2010
http://dbpedia.org/resource/Lebanon,SL.EMP.VULN.FE.ZS,1.40E+01,http://linked.aub.edu.lb/CODEC/Lebanon/observation/social-development-Lebanon-SL.EMP.VULN.FE.ZS-2011,https://data.humdata.org/dataset/world-bank-social-development-indicators-for-lebanon,,The World Bank,http://linked.aub.edu.lb/CODEC/Lebanon/Dataset/social-development-Lebanon,2011
http://dbpedia.org/resource/Lebanon,SL.EMP.VULN.FE.ZS,1.40E+01,http://linked.aub.edu.lb/CODEC/Lebanon/observation/social-development-Lebanon-SL.EMP.VULN.FE.ZS-2012,https://data.humdata.org/dataset/world-bank-social-development-indicators-for-lebanon,,The World Bank,http://linked.aub.edu.lb/CODEC/Lebanon/Dataset/social-development-Lebanon,2012
http://dbpedia.org/resource/Lebanon,SL.EMP.VULN.FE.ZS,1.41E+01,http://linked.aub.edu.lb/CODEC/Lebanon/observation/social-development-Lebanon-SL.EMP.VULN.FE.ZS-2013,https://data.humdata.org/dataset/world-bank-social-development-indicators-for-lebanon,,The World Bank,http://linked.aub.edu.lb/CODEC/Lebanon/Dataset/social-development-Lebanon,2013
http://dbpedia.org/resource/Lebanon,SL.EMP.VULN.FE.ZS,1.41E+01,http://linked.aub.edu.lb/CODEC/Lebanon/observation/social-development-Lebanon-SL.EMP.VULN.FE.ZS-2014,https://data.humdata.org/dataset/world-bank-social-development-indicators-for-lebanon,,The World Bank,http://linked.aub.edu.lb/CODEC/Lebanon/Dataset/social-development-Lebanon,2014
http://dbpedia.org/resource/Lebanon,SL.EMP.VULN.FE.ZS,1.43E+01,http://linked.aub.edu.lb/CODEC/Lebanon/observation/social-development-Lebanon-SL.EMP.VULN.FE.ZS-2015,https://data.humdata.org/dataset/world-bank-social-development-indicators-for-lebanon,,The World Bank,http://linked.aub.edu.lb/CODEC/Lebanon/Dataset/social-development-Lebanon,2015
http://dbpedia.org/resource/Lebanon,SL.EMP.VULN.FE.ZS,1.42E+01,http://linked.aub.edu.lb/CODEC/Lebanon/observation/social-development-Lebanon-SL.EMP.VULN.FE.ZS-2016,https://data.humdata.org/dataset/world-bank-social-development-indicators-for-lebanon,,The World Bank,http://linked.aub.edu.lb/CODEC/Lebanon/Dataset/social-development-Lebanon,2016
http://dbpedia.org/resource/Lebanon,SL.EMP.VULN.FE.ZS,1.41E+01,http://linked.aub.edu.lb/CODEC/Lebanon/observation/social-development-Lebanon-SL.EMP.VULN.FE.ZS-2017,https://data.humdata.org/dataset/world-bank-social-development-indicators-for-lebanon,,The World Bank,http://linked.aub.edu.lb/CODEC/Lebanon/Dataset/social-development-Lebanon,2017
http://dbpedia.org/resource/Lebanon,SL.EMP.VULN.FE.ZS,1.39E+01,http://linked.aub.edu.lb/CODEC/Lebanon/observation/social-development-Lebanon-SL.EMP.VULN.FE.ZS-2018,https://data.humdata.org/dataset/world-bank-social-development-indicators-for-lebanon,,The World Bank,http://linked.aub.edu.lb/CODEC/Lebanon/Dataset/social-development-Lebanon,2018
http://dbpedia.org/resource/Lebanon,SL.EMP.VULN.FE.ZS,1.38E+01,http://linked.aub.edu.lb/CODEC/Lebanon/observation/social-development-Lebanon-SL.EMP.VULN.FE.ZS-2019,https://data.humdata.org/dataset/world-bank-social-development-indicators-for-lebanon,,The World Bank,http://linked.aub.edu.lb/CODEC/Lebanon/Dataset/social-development-Lebanon,2019
http://dbpedia.org/resource/Lebanon,SL.EMP.VULN.FE.ZS,1.36E+01,http://linked.aub.edu.lb/CODEC/Lebanon/observation/social-development-Lebanon-SL.EMP.VULN.FE.ZS-2020,https://data.humdata.org/dataset/world-bank-social-development-indicators-for-lebanon,,The World Bank,http://linked.aub.edu.lb/CODEC/Lebanon/Dataset/social-development-Lebanon,2020
http://dbpedia.org/resource/Lebanon,SL.EMP.VULN.FE.ZS,1.34E+01,http://linked.aub.edu.lb/CODEC/Lebanon/observation/social-development-Lebanon-SL.EMP.VULN.FE.ZS-2021,https://data.humdata.org/dataset/world-bank-social-development-indicators-for-lebanon,,The World Bank,http://linked.aub.edu.lb/CODEC/Lebanon/Dataset/social-development-Lebanon,2021
http://dbpedia.org/resource/Lebanon,SL.EMP.VULN.MA.ZS,3.63E+01,http://linked.aub.edu.lb/CODEC/Lebanon/observation/social-development-Lebanon-SL.EMP.VULN.MA.ZS-1991,https://data.humdata.org/dataset/world-bank-social-development-indicators-for-lebanon,,The World Bank,http://linked.aub.edu.lb/CODEC/Lebanon/Dataset/social-development-Lebanon,1991
http://dbpedia.org/resource/Lebanon,SL.EMP.VULN.MA.ZS,3.61E+01,http://linked.aub.edu.lb/CODEC/Lebanon/observation/social-development-Lebanon-SL.EMP.VULN.MA.ZS-1992,https://data.humdata.org/dataset/world-bank-social-development-indicators-for-lebanon,,The World Bank,http://linked.aub.edu.lb/CODEC/Lebanon/Dataset/social-development-Lebanon,1992
http://dbpedia.org/resource/Lebanon,SL.EMP.VULN.MA.ZS,3.60E+01,http://linked.aub.edu.lb/CODEC/Lebanon/observation/social-development-Lebanon-SL.EMP.VULN.MA.ZS-1993,https://data.humdata.org/dataset/world-bank-social-development-indicators-for-lebanon,,The World Bank,http://linked.aub.edu.lb/CODEC/Lebanon/Dataset/social-development-Lebanon,1993
http://dbpedia.org/resource/Lebanon,SL.EMP.VULN.MA.ZS,3.58E+01,http://linked.aub.edu.lb/CODEC/Lebanon/observation/social-development-Lebanon-SL.EMP.VULN.MA.ZS-1994,https://data.humdata.org/dataset/world-bank-social-development-indicators-for-lebanon,,The World Bank,http://linked.aub.edu.lb/CODEC/Lebanon/Dataset/social-development-Lebanon,1994
http://dbpedia.org/resource/Lebanon,SL.EMP.VULN.MA.ZS,3.57E+01,http://linked.aub.edu.lb/CODEC/Lebanon/observation/social-development-Lebanon-SL.EMP.VULN.MA.ZS-1995,https://data.humdata.org/dataset/world-bank-social-development-indicators-for-lebanon,,The World Bank,http://linked.aub.edu.lb/CODEC/Lebanon/Dataset/social-development-Lebanon,1995
http://dbpedia.org/resource/Lebanon,SL.EMP.VULN.MA.ZS,3.53E+01,http://linked.aub.edu.lb/CODEC/Lebanon/observation/social-development-Lebanon-SL.EMP.VULN.MA.ZS-1996,https://data.humdata.org/dataset/world-bank-social-development-indicators-for-lebanon,,The World Bank,http://linked.aub.edu.lb/CODEC/Lebanon/Dataset/social-development-Lebanon,1996
http://dbpedia.org/resource/Lebanon,SL.EMP.VULN.MA.ZS,3.52E+01,http://linked.aub.edu.lb/CODEC/Lebanon/observation/social-development-Lebanon-SL.EMP.VULN.MA.ZS-1997,https://data.humdata.org/dataset/world-bank-social-development-indicators-for-lebanon,,The World Bank,http://linked.aub.edu.lb/CODEC/Lebanon/Dataset/social-development-Lebanon,1997
http://dbpedia.org/resource/Lebanon,SL.EMP.VULN.MA.ZS,3.50E+01,http://linked.aub.edu.lb/CODEC/Lebanon/observation/social-development-Lebanon-SL.EMP.VULN.MA.ZS-1998,https://data.humdata.org/dataset/world-bank-social-development-indicators-for-lebanon,,The World Bank,http://linked.aub.edu.lb/CODEC/Lebanon/Dataset/social-development-Lebanon,1998
http://dbpedia.org/resource/Lebanon,SL.EMP.VULN.MA.ZS,3.52E+01,http://linked.aub.edu.lb/CODEC/Lebanon/observation/social-development-Lebanon-SL.EMP.VULN.MA.ZS-1999,https://data.humdata.org/dataset/world-bank-social-development-indicators-for-lebanon,,The World Bank,http://linked.aub.edu.lb/CODEC/Lebanon/Dataset/social-development-Lebanon,1999
http://dbpedia.org/resource/Lebanon,SL.EMP.VULN.MA.ZS,3.56E+01,http://linked.aub.edu.lb/CODEC/Lebanon/observation/social-development-Lebanon-SL.EMP.VULN.MA.ZS-2000,https://data.humdata.org/dataset/world-bank-social-development-indicators-for-lebanon,,The World Bank,http://linked.aub.edu.lb/CODEC/Lebanon/Dataset/social-development-Lebanon,2000
http://dbpedia.org/resource/Lebanon,SL.EMP.VULN.MA.ZS,3.57E+01,http://linked.aub.edu.lb/CODEC/Lebanon/observation/social-development-Lebanon-SL.EMP.VULN.MA.ZS-2001,https://data.humdata.org/dataset/world-bank-social-development-indicators-for-lebanon,,The World Bank,http://linked.aub.edu.lb/CODEC/Lebanon/Dataset/social-development-Lebanon,2001
http://dbpedia.org/resource/Lebanon,SL.EMP.VULN.MA.ZS,3.61E+01,http://linked.aub.edu.lb/CODEC/Lebanon/observation/social-development-Lebanon-SL.EMP.VULN.MA.ZS-2002,https://data.humdata.org/dataset/world-bank-social-development-indicators-for-lebanon,,The World Bank,http://linked.aub.edu.lb/CODEC/Lebanon/Dataset/social-development-Lebanon,2002
http://dbpedia.org/resource/Lebanon,SL.EMP.VULN.MA.ZS,3.66E+01,http://linked.aub.edu.lb/CODEC/Lebanon/observation/social-development-Lebanon-SL.EMP.VULN.MA.ZS-2003,https://data.humdata.org/dataset/world-bank-social-development-indicators-for-lebanon,,The World Bank,http://linked.aub.edu.lb/CODEC/Lebanon/Dataset/social-development-Lebanon,2003
http://dbpedia.org/resource/Lebanon,SL.EMP.VULN.MA.ZS,3.69E+01,http://linked.aub.edu.lb/CODEC/Lebanon/observation/social-development-Lebanon-SL.EMP.VULN.MA.ZS-2004,https://data.humdata.org/dataset/world-bank-social-development-indicators-for-lebanon,,The World Bank,http://linked.aub.edu.lb/CODEC/Lebanon/Dataset/social-development-Lebanon,2004
http://dbpedia.org/resource/Lebanon,SL.EMP.VULN.MA.ZS,3.51E+01,http://linked.aub.edu.lb/CODEC/Lebanon/observation/social-development-Lebanon-SL.EMP.VULN.MA.ZS-2005,https://data.humdata.org/dataset/world-bank-social-development-indicators-for-lebanon,,The World Bank,http://linked.aub.edu.lb/CODEC/Lebanon/Dataset/social-development-Lebanon,2005
http://dbpedia.org/resource/Lebanon,SL.EMP.VULN.MA.ZS,3.35E+01,http://linked.aub.edu.lb/CODEC/Lebanon/observation/social-development-Lebanon-SL.EMP.VULN.MA.ZS-2006,https://data.humdata.org/dataset/world-bank-social-development-indicators-for-lebanon,,The World Bank,http://linked.aub.edu.lb/CODEC/Lebanon/Dataset/social-development-Lebanon,2006
http://dbpedia.org/resource/Lebanon,SL.EMP.VULN.MA.ZS,3.14E+01,http://linked.aub.edu.lb/CODEC/Lebanon/observation/social-development-Lebanon-SL.EMP.VULN.MA.ZS-2007,https://data.humdata.org/dataset/world-bank-social-development-indicators-for-lebanon,,The World Bank,http://linked.aub.edu.lb/CODEC/Lebanon/Dataset/social-development-Lebanon,2007
http://dbpedia.org/resource/Lebanon,SL.EMP.VULN.MA.ZS,3.08E+01,http://linked.aub.edu.lb/CODEC/Lebanon/observation/social-development-Lebanon-SL.EMP.VULN.MA.ZS-2008,https://data.humdata.org/dataset/world-bank-social-development-indicators-for-lebanon,,The World Bank,http://linked.aub.edu.lb/CODEC/Lebanon/Dataset/social-development-Lebanon,2008
http://dbpedia.org/resource/Lebanon,SL.EMP.VULN.MA.ZS,3.01E+01,http://linked.aub.edu.lb/CODEC/Lebanon/observation/social-development-Lebanon-SL.EMP.VULN.MA.ZS-2009,https://data.humdata.org/dataset/world-bank-social-development-indicators-for-lebanon,,The World Bank,http://linked.aub.edu.lb/CODEC/Lebanon/Dataset/social-development-Lebanon,2009
http://dbpedia.org/resource/Lebanon,SL.EMP.VULN.MA.ZS,2.96E+01,http://linked.aub.edu.lb/CODEC/Lebanon/observation/social-development-Lebanon-SL.EMP.VULN.MA.ZS-2010,https://data.humdata.org/dataset/world-bank-social-development-indicators-for-lebanon,,The World Bank,http://linked.aub.edu.lb/CODEC/Lebanon/Dataset/social-development-Lebanon,2010
http://dbpedia.org/resource/Lebanon,SL.EMP.VULN.MA.ZS,2.98E+01,http://linked.aub.edu.lb/CODEC/Lebanon/observation/social-development-Lebanon-SL.EMP.VULN.MA.ZS-2011,https://data.humdata.org/dataset/world-bank-social-development-indicators-for-lebanon,,The World Bank,http://linked.aub.edu.lb/CODEC/Lebanon/Dataset/social-development-Lebanon,2011
http://dbpedia.org/resource/Lebanon,SL.EMP.VULN.MA.ZS,3.03E+01,http://linked.aub.edu.lb/CODEC/Lebanon/observation/social-development-Lebanon-SL.EMP.VULN.MA.ZS-2012,https://data.humdata.org/dataset/world-bank-social-development-indicators-for-lebanon,,The World Bank,http://linked.aub.edu.lb/CODEC/Lebanon/Dataset/social-development-Lebanon,2012
http://dbpedia.org/resource/Lebanon,SL.EMP.VULN.MA.ZS,3.08E+01,http://linked.aub.edu.lb/CODEC/Lebanon/observation/social-development-Lebanon-SL.EMP.VULN.MA.ZS-2013,https://data.humdata.org/dataset/world-bank-social-development-indicators-for-lebanon,,The World Bank,http://linked.aub.edu.lb/CODEC/Lebanon/Dataset/social-development-Lebanon,2013
http://dbpedia.org/resource/Lebanon,SL.EMP.VULN.MA.ZS,3.15E+01,http://linked.aub.edu.lb/CODEC/Lebanon/observation/social-development-Lebanon-SL.EMP.VULN.MA.ZS-2014,https://data.humdata.org/dataset/world-bank-social-development-indicators-for-lebanon,,The World Bank,http://linked.aub.edu.lb/CODEC/Lebanon/Dataset/social-development-Lebanon,2014
http://dbpedia.org/resource/Lebanon,SL.EMP.VULN.MA.ZS,3.23E+01,http://linked.aub.edu.lb/CODEC/Lebanon/observation/social-development-Lebanon-SL.EMP.VULN.MA.ZS-2015,https://data.humdata.org/dataset/world-bank-social-development-indicators-for-lebanon,,The World Bank,http://linked.aub.edu.lb/CODEC/Lebanon/Dataset/social-development-Lebanon,2015
http://dbpedia.org/resource/Lebanon,SL.EMP.VULN.MA.ZS,3.30E+01,http://linked.aub.edu.lb/CODEC/Lebanon/observation/social-development-Lebanon-SL.EMP.VULN.MA.ZS-2016,https://data.humdata.org/dataset/world-bank-social-development-indicators-for-lebanon,,The World Bank,http://linked.aub.edu.lb/CODEC/Lebanon/Dataset/social-development-Lebanon,2016
http://dbpedia.org/resource/Lebanon,SL.EMP.VULN.MA.ZS,3.35E+01,http://linked.aub.edu.lb/CODEC/Lebanon/observation/social-development-Lebanon-SL.EMP.VULN.MA.ZS-2017,https://data.humdata.org/dataset/world-bank-social-development-indicators-for-lebanon,,The World Bank,http://linked.aub.edu.lb/CODEC/Lebanon/Dataset/social-development-Lebanon,2017
http://dbpedia.org/resource/Lebanon,SL.EMP.VULN.MA.ZS,3.41E+01,http://linked.aub.edu.lb/CODEC/Lebanon/observation/social-development-Lebanon-SL.EMP.VULN.MA.ZS-2018,https://data.humdata.org/dataset/world-bank-social-development-indicators-for-lebanon,,The World Bank,http://linked.aub.edu.lb/CODEC/Lebanon/Dataset/social-development-Lebanon,2018
http://dbpedia.org/resource/Lebanon,SL.EMP.VULN.MA.ZS,3.50E+01,http://linked.aub.edu.lb/CODEC/Lebanon/observation/social-development-Lebanon-SL.EMP.VULN.MA.ZS-2019,https://data.humdata.org/dataset/world-bank-social-development-indicators-for-lebanon,,The World Bank,http://linked.aub.edu.lb/CODEC/Lebanon/Dataset/social-development-Lebanon,2019
http://dbpedia.org/resource/Lebanon,SL.EMP.VULN.MA.ZS,3.52E+01,http://linked.aub.edu.lb/CODEC/Lebanon/observation/social-development-Lebanon-SL.EMP.VULN.MA.ZS-2020,https://data.humdata.org/dataset/world-bank-social-development-indicators-for-lebanon,,The World Bank,http://linked.aub.edu.lb/CODEC/Lebanon/Dataset/social-development-Lebanon,2020
http://dbpedia.org/resource/Lebanon,SL.EMP.VULN.MA.ZS,3.47E+01,http://linked.aub.edu.lb/CODEC/Lebanon/observation/social-development-Lebanon-SL.EMP.VULN.MA.ZS-2021,https://data.humdata.org/dataset/world-bank-social-development-indicators-for-lebanon,,The World Bank,http://linked.aub.edu.lb/CODEC/Lebanon/Dataset/social-development-Lebanon,2021
http://dbpedia.org/resource/Lebanon,SL.TLF.ACTI.1524.FE.ZS,2.03E+01,http://linked.aub.edu.lb/CODEC/Lebanon/observation/social-development-Lebanon-SL.TLF.ACTI.1524.FE.ZS-1990,https://data.humdata.org/dataset/world-bank-social-development-indicators-for-lebanon,,The World Bank,http://linked.aub.edu.lb/CODEC/Lebanon/Dataset/social-development-Lebanon,1990
http://dbpedia.org/resource/Lebanon,SL.TLF.ACTI.1524.FE.ZS,2.03E+01,http://linked.aub.edu.lb/CODEC/Lebanon/observation/social-development-Lebanon-SL.TLF.ACTI.1524.FE.ZS-1991,https://data.humdata.org/dataset/world-bank-social-development-indicators-for-lebanon,,The World Bank,http://linked.aub.edu.lb/CODEC/Lebanon/Dataset/social-development-Lebanon,1991
http://dbpedia.org/resource/Lebanon,SL.TLF.ACTI.1524.FE.ZS,2.00E+01,http://linked.aub.edu.lb/CODEC/Lebanon/observation/social-development-Lebanon-SL.TLF.ACTI.1524.FE.ZS-1992,https://data.humdata.org/dataset/world-bank-social-development-indicators-for-lebanon,,The World Bank,http://linked.aub.edu.lb/CODEC/Lebanon/Dataset/social-development-Lebanon,1992
http://dbpedia.org/resource/Lebanon,SL.TLF.ACTI.1524.FE.ZS,1.98E+01,http://linked.aub.edu.lb/CODEC/Lebanon/observation/social-development-Lebanon-SL.TLF.ACTI.1524.FE.ZS-1993,https://data.humdata.org/dataset/world-bank-social-development-indicators-for-lebanon,,The World Bank,http://linked.aub.edu.lb/CODEC/Lebanon/Dataset/social-development-Lebanon,1993
http://dbpedia.org/resource/Lebanon,SL.TLF.ACTI.1524.FE.ZS,1.96E+01,http://linked.aub.edu.lb/CODEC/Lebanon/observation/social-development-Lebanon-SL.TLF.ACTI.1524.FE.ZS-1994,https://data.humdata.org/dataset/world-bank-social-development-indicators-for-lebanon,,The World Bank,http://linked.aub.edu.lb/CODEC/Lebanon/Dataset/social-development-Lebanon,1994
http://dbpedia.org/resource/Lebanon,SL.TLF.ACTI.1524.FE.ZS,1.94E+01,http://linked.aub.edu.lb/CODEC/Lebanon/observation/social-development-Lebanon-SL.TLF.ACTI.1524.FE.ZS-1995,https://data.humdata.org/dataset/world-bank-social-development-indicators-for-lebanon,,The World Bank,http://linked.aub.edu.lb/CODEC/Lebanon/Dataset/social-development-Lebanon,1995
http://dbpedia.org/resource/Lebanon,SL.TLF.ACTI.1524.FE.ZS,1.91E+01,http://linked.aub.edu.lb/CODEC/Lebanon/observation/social-development-Lebanon-SL.TLF.ACTI.1524.FE.ZS-1996,https://data.humdata.org/dataset/world-bank-social-development-indicators-for-lebanon,,The World Bank,http://linked.aub.edu.lb/CODEC/Lebanon/Dataset/social-development-Lebanon,1996
http://dbpedia.org/resource/Lebanon,SL.TLF.ACTI.1524.FE.ZS,1.89E+01,http://linked.aub.edu.lb/CODEC/Lebanon/observation/social-development-Lebanon-SL.TLF.ACTI.1524.FE.ZS-1997,https://data.humdata.org/dataset/world-bank-social-development-indicators-for-lebanon,,The World Bank,http://linked.aub.edu.lb/CODEC/Lebanon/Dataset/social-development-Lebanon,1997
http://dbpedia.org/resource/Lebanon,SL.TLF.ACTI.1524.FE.ZS,1.87E+01,http://linked.aub.edu.lb/CODEC/Lebanon/observation/social-development-Lebanon-SL.TLF.ACTI.1524.FE.ZS-1998,https://data.humdata.org/dataset/world-bank-social-development-indicators-for-lebanon,,The World Bank,http://linked.aub.edu.lb/CODEC/Lebanon/Dataset/social-development-Lebanon,1998
http://dbpedia.org/resource/Lebanon,SL.TLF.ACTI.1524.FE.ZS,1.86E+01,http://linked.aub.edu.lb/CODEC/Lebanon/observation/social-development-Lebanon-SL.TLF.ACTI.1524.FE.ZS-1999,https://data.humdata.org/dataset/world-bank-social-development-indicators-for-lebanon,,The World Bank,http://linked.aub.edu.lb/CODEC/Lebanon/Dataset/social-development-Lebanon,1999
http://dbpedia.org/resource/Lebanon,SL.TLF.ACTI.1524.FE.ZS,1.84E+01,http://linked.aub.edu.lb/CODEC/Lebanon/observation/social-development-Lebanon-SL.TLF.ACTI.1524.FE.ZS-2000,https://data.humdata.org/dataset/world-bank-social-development-indicators-for-lebanon,,The World Bank,http://linked.aub.edu.lb/CODEC/Lebanon/Dataset/social-development-Lebanon,2000
http://dbpedia.org/resource/Lebanon,SL.TLF.ACTI.1524.FE.ZS,1.84E+01,http://linked.aub.edu.lb/CODEC/Lebanon/observation/social-development-Lebanon-SL.TLF.ACTI.1524.FE.ZS-2001,https://data.humdata.org/dataset/world-bank-social-development-indicators-for-lebanon,,The World Bank,http://linked.aub.edu.lb/CODEC/Lebanon/Dataset/social-development-Lebanon,2001
http://dbpedia.org/resource/Lebanon,SL.TLF.ACTI.1524.FE.ZS,1.84E+01,http://linked.aub.edu.lb/CODEC/Lebanon/observation/social-development-Lebanon-SL.TLF.ACTI.1524.FE.ZS-2002,https://data.humdata.org/dataset/world-bank-social-development-indicators-for-lebanon,,The World Bank,http://linked.aub.edu.lb/CODEC/Lebanon/Dataset/social-development-Lebanon,2002
http://dbpedia.org/resource/Lebanon,SL.TLF.ACTI.1524.FE.ZS,1.84E+01,http://linked.aub.edu.lb/CODEC/Lebanon/observation/social-development-Lebanon-SL.TLF.ACTI.1524.FE.ZS-2003,https://data.humdata.org/dataset/world-bank-social-development-indicators-for-lebanon,,The World Bank,http://linked.aub.edu.lb/CODEC/Lebanon/Dataset/social-development-Lebanon,2003
http://dbpedia.org/resource/Lebanon,SL.TLF.ACTI.1524.FE.ZS,1.84E+01,http://linked.aub.edu.lb/CODEC/Lebanon/observation/social-development-Lebanon-SL.TLF.ACTI.1524.FE.ZS-2004,https://data.humdata.org/dataset/world-bank-social-development-indicators-for-lebanon,,The World Bank,http://linked.aub.edu.lb/CODEC/Lebanon/Dataset/social-development-Lebanon,2004
http://dbpedia.org/resource/Lebanon,SL.TLF.ACTI.1524.FE.ZS,1.85E+01,http://linked.aub.edu.lb/CODEC/Lebanon/observation/social-development-Lebanon-SL.TLF.ACTI.1524.FE.ZS-2005,https://data.humdata.org/dataset/world-bank-social-development-indicators-for-lebanon,,The World Bank,http://linked.aub.edu.lb/CODEC/Lebanon/Dataset/social-development-Lebanon,2005
http://dbpedia.org/resource/Lebanon,SL.TLF.ACTI.1524.FE.ZS,1.86E+01,http://linked.aub.edu.lb/CODEC/Lebanon/observation/social-development-Lebanon-SL.TLF.ACTI.1524.FE.ZS-2006,https://data.humdata.org/dataset/world-bank-social-development-indicators-for-lebanon,,The World Bank,http://linked.aub.edu.lb/CODEC/Lebanon/Dataset/social-development-Lebanon,2006
http://dbpedia.org/resource/Lebanon,SL.TLF.ACTI.1524.FE.ZS,1.87E+01,http://linked.aub.edu.lb/CODEC/Lebanon/observation/social-development-Lebanon-SL.TLF.ACTI.1524.FE.ZS-2007,https://data.humdata.org/dataset/world-bank-social-development-indicators-for-lebanon,,The World Bank,http://linked.aub.edu.lb/CODEC/Lebanon/Dataset/social-development-Lebanon,2007
http://dbpedia.org/resource/Lebanon,SL.TLF.ACTI.1524.FE.ZS,1.95E+01,http://linked.aub.edu.lb/CODEC/Lebanon/observation/social-development-Lebanon-SL.TLF.ACTI.1524.FE.ZS-2008,https://data.humdata.org/dataset/world-bank-social-development-indicators-for-lebanon,,The World Bank,http://linked.aub.edu.lb/CODEC/Lebanon/Dataset/social-development-Lebanon,2008
http://dbpedia.org/resource/Lebanon,SL.TLF.ACTI.1524.FE.ZS,2.02E+01,http://linked.aub.edu.lb/CODEC/Lebanon/observation/social-development-Lebanon-SL.TLF.ACTI.1524.FE.ZS-2009,https://data.humdata.org/dataset/world-bank-social-development-indicators-for-lebanon,,The World Bank,http://linked.aub.edu.lb/CODEC/Lebanon/Dataset/social-development-Lebanon,2009
http://dbpedia.org/resource/Lebanon,SL.TLF.ACTI.1524.FE.ZS,2.10E+01,http://linked.aub.edu.lb/CODEC/Lebanon/observation/social-development-Lebanon-SL.TLF.ACTI.1524.FE.ZS-2010,https://data.humdata.org/dataset/world-bank-social-development-indicators-for-lebanon,,The World Bank,http://linked.aub.edu.lb/CODEC/Lebanon/Dataset/social-development-Lebanon,2010
http://dbpedia.org/resource/Lebanon,SL.TLF.ACTI.1524.FE.ZS,2.18E+01,http://linked.aub.edu.lb/CODEC/Lebanon/observation/social-development-Lebanon-SL.TLF.ACTI.1524.FE.ZS-2011,https://data.humdata.org/dataset/world-bank-social-development-indicators-for-lebanon,,The World Bank,http://linked.aub.edu.lb/CODEC/Lebanon/Dataset/social-development-Lebanon,2011
http://dbpedia.org/resource/Lebanon,SL.TLF.ACTI.1524.FE.ZS,2.27E+01,http://linked.aub.edu.lb/CODEC/Lebanon/observation/social-development-Lebanon-SL.TLF.ACTI.1524.FE.ZS-2012,https://data.humdata.org/dataset/world-bank-social-development-indicators-for-lebanon,,The World Bank,http://linked.aub.edu.lb/CODEC/Lebanon/Dataset/social-development-Lebanon,2012
http://dbpedia.org/resource/Lebanon,SL.TLF.ACTI.1524.FE.ZS,2.35E+01,http://linked.aub.edu.lb/CODEC/Lebanon/observation/social-development-Lebanon-SL.TLF.ACTI.1524.FE.ZS-2013,https://data.humdata.org/dataset/world-bank-social-development-indicators-for-lebanon,,The World Bank,http://linked.aub.edu.lb/CODEC/Lebanon/Dataset/social-development-Lebanon,2013
http://dbpedia.org/resource/Lebanon,SL.TLF.ACTI.1524.FE.ZS,2.44E+01,http://linked.aub.edu.lb/CODEC/Lebanon/observation/social-development-Lebanon-SL.TLF.ACTI.1524.FE.ZS-2014,https://data.humdata.org/dataset/world-bank-social-development-indicators-for-lebanon,,The World Bank,http://linked.aub.edu.lb/CODEC/Lebanon/Dataset/social-development-Lebanon,2014
http://dbpedia.org/resource/Lebanon,SL.TLF.ACTI.1524.FE.ZS,2.53E+01,http://linked.aub.edu.lb/CODEC/Lebanon/observation/social-development-Lebanon-SL.TLF.ACTI.1524.FE.ZS-2015,https://data.humdata.org/dataset/world-bank-social-development-indicators-for-lebanon,,The World Bank,http://linked.aub.edu.lb/CODEC/Lebanon/Dataset/social-development-Lebanon,2015
http://dbpedia.org/resource/Lebanon,SL.TLF.ACTI.1524.FE.ZS,2.62E+01,http://linked.aub.edu.lb/CODEC/Lebanon/observation/social-development-Lebanon-SL.TLF.ACTI.1524.FE.ZS-2016,https://data.humdata.org/dataset/world-bank-social-development-indicators-for-lebanon,,The World Bank,http://linked.aub.edu.lb/CODEC/Lebanon/Dataset/social-development-Lebanon,2016
http://dbpedia.org/resource/Lebanon,SL.TLF.ACTI.1524.FE.ZS,2.70E+01,http://linked.aub.edu.lb/CODEC/Lebanon/observation/social-development-Lebanon-SL.TLF.ACTI.1524.FE.ZS-2017,https://data.humdata.org/dataset/world-bank-social-development-indicators-for-lebanon,,The World Bank,http://linked.aub.edu.lb/CODEC/Lebanon/Dataset/social-development-Lebanon,2017
http://dbpedia.org/resource/Lebanon,SL.TLF.ACTI.1524.FE.ZS,2.77E+01,http://linked.aub.edu.lb/CODEC/Lebanon/observation/social-development-Lebanon-SL.TLF.ACTI.1524.FE.ZS-2018,https://data.humdata.org/dataset/world-bank-social-development-indicators-for-lebanon,,The World Bank,http://linked.aub.edu.lb/CODEC/Lebanon/Dataset/social-development-Lebanon,2018
http://dbpedia.org/resource/Lebanon,SL.TLF.ACTI.1524.FE.ZS,2.84E+01,http://linked.aub.edu.lb/CODEC/Lebanon/observation/social-development-Lebanon-SL.TLF.ACTI.1524.FE.ZS-2019,https://data.humdata.org/dataset/world-bank-social-development-indicators-for-lebanon,,The World Bank,http://linked.aub.edu.lb/CODEC/Lebanon/Dataset/social-development-Lebanon,2019
http://dbpedia.org/resource/Lebanon,SL.TLF.ACTI.1524.FE.ZS,2.46E+01,http://linked.aub.edu.lb/CODEC/Lebanon/observation/social-development-Lebanon-SL.TLF.ACTI.1524.FE.ZS-2020,https://data.humdata.org/dataset/world-bank-social-development-indicators-for-lebanon,,The World Bank,http://linked.aub.edu.lb/CODEC/Lebanon/Dataset/social-development-Lebanon,2020
http://dbpedia.org/resource/Lebanon,SL.TLF.ACTI.1524.FE.ZS,2.54E+01,http://linked.aub.edu.lb/CODEC/Lebanon/observation/social-development-Lebanon-SL.TLF.ACTI.1524.FE.ZS-2021,https://data.humdata.org/dataset/world-bank-social-development-indicators-for-lebanon,,The World Bank,http://linked.aub.edu.lb/CODEC/Lebanon/Dataset/social-development-Lebanon,2021
http://dbpedia.org/resource/Lebanon,SL.TLF.ACTI.1524.FE.ZS,2.65E+01,http://linked.aub.edu.lb/CODEC/Lebanon/observation/social-development-Lebanon-SL.TLF.ACTI.1524.FE.ZS-2022,https://data.humdata.org/dataset/world-bank-social-development-indicators-for-lebanon,,The World Bank,http://linked.aub.edu.lb/CODEC/Lebanon/Dataset/social-development-Lebanon,2022
http://dbpedia.org/resource/Lebanon,SL.TLF.ACTI.1524.MA.ZS,4.80E+01,http://linked.aub.edu.lb/CODEC/Lebanon/observation/social-development-Lebanon-SL.TLF.ACTI.1524.MA.ZS-1990,https://data.humdata.org/dataset/world-bank-social-development-indicators-for-lebanon,,The World Bank,http://linked.aub.edu.lb/CODEC/Lebanon/Dataset/social-development-Lebanon,1990
http://dbpedia.org/resource/Lebanon,SL.TLF.ACTI.1524.MA.ZS,4.77E+01,http://linked.aub.edu.lb/CODEC/Lebanon/observation/social-development-Lebanon-SL.TLF.ACTI.1524.MA.ZS-1991,https://data.humdata.org/dataset/world-bank-social-development-indicators-for-lebanon,,The World Bank,http://linked.aub.edu.lb/CODEC/Lebanon/Dataset/social-development-Lebanon,1991
http://dbpedia.org/resource/Lebanon,SL.TLF.ACTI.1524.MA.ZS,4.66E+01,http://linked.aub.edu.lb/CODEC/Lebanon/observation/social-development-Lebanon-SL.TLF.ACTI.1524.MA.ZS-1992,https://data.humdata.org/dataset/world-bank-social-development-indicators-for-lebanon,,The World Bank,http://linked.aub.edu.lb/CODEC/Lebanon/Dataset/social-development-Lebanon,1992
http://dbpedia.org/resource/Lebanon,SL.TLF.ACTI.1524.MA.ZS,4.59E+01,http://linked.aub.edu.lb/CODEC/Lebanon/observation/social-development-Lebanon-SL.TLF.ACTI.1524.MA.ZS-1993,https://data.humdata.org/dataset/world-bank-social-development-indicators-for-lebanon,,The World Bank,http://linked.aub.edu.lb/CODEC/Lebanon/Dataset/social-development-Lebanon,1993
http://dbpedia.org/resource/Lebanon,SL.TLF.ACTI.1524.MA.ZS,4.53E+01,http://linked.aub.edu.lb/CODEC/Lebanon/observation/social-development-Lebanon-SL.TLF.ACTI.1524.MA.ZS-1994,https://data.humdata.org/dataset/world-bank-social-development-indicators-for-lebanon,,The World Bank,http://linked.aub.edu.lb/CODEC/Lebanon/Dataset/social-development-Lebanon,1994
http://dbpedia.org/resource/Lebanon,SL.TLF.ACTI.1524.MA.ZS,4.47E+01,http://linked.aub.edu.lb/CODEC/Lebanon/observation/social-development-Lebanon-SL.TLF.ACTI.1524.MA.ZS-1995,https://data.humdata.org/dataset/world-bank-social-development-indicators-for-lebanon,,The World Bank,http://linked.aub.edu.lb/CODEC/Lebanon/Dataset/social-development-Lebanon,1995
http://dbpedia.org/resource/Lebanon,SL.TLF.ACTI.1524.MA.ZS,4.38E+01,http://linked.aub.edu.lb/CODEC/Lebanon/observation/social-development-Lebanon-SL.TLF.ACTI.1524.MA.ZS-1996,https://data.humdata.org/dataset/world-bank-social-development-indicators-for-lebanon,,The World Bank,http://linked.aub.edu.lb/CODEC/Lebanon/Dataset/social-development-Lebanon,1996
http://dbpedia.org/resource/Lebanon,SL.TLF.ACTI.1524.MA.ZS,4.36E+01,http://linked.aub.edu.lb/CODEC/Lebanon/observation/social-development-Lebanon-SL.TLF.ACTI.1524.MA.ZS-1997,https://data.humdata.org/dataset/world-bank-social-development-indicators-for-lebanon,,The World Bank,http://linked.aub.edu.lb/CODEC/Lebanon/Dataset/social-development-Lebanon,1997
http://dbpedia.org/resource/Lebanon,SL.TLF.ACTI.1524.MA.ZS,4.31E+01,http://linked.aub.edu.lb/CODEC/Lebanon/observation/social-development-Lebanon-SL.TLF.ACTI.1524.MA.ZS-1998,https://data.humdata.org/dataset/world-bank-social-development-indicators-for-lebanon,,The World Bank,http://linked.aub.edu.lb/CODEC/Lebanon/Dataset/social-development-Lebanon,1998
http://dbpedia.org/resource/Lebanon,SL.TLF.ACTI.1524.MA.ZS,4.30E+01,http://linked.aub.edu.lb/CODEC/Lebanon/observation/social-development-Lebanon-SL.TLF.ACTI.1524.MA.ZS-1999,https://data.humdata.org/dataset/world-bank-social-development-indicators-for-lebanon,,The World Bank,http://linked.aub.edu.lb/CODEC/Lebanon/Dataset/social-development-Lebanon,1999
http://dbpedia.org/resource/Lebanon,SL.TLF.ACTI.1524.MA.ZS,4.29E+01,http://linked.aub.edu.lb/CODEC/Lebanon/observation/social-development-Lebanon-SL.TLF.ACTI.1524.MA.ZS-2000,https://data.humdata.org/dataset/world-bank-social-development-indicators-for-lebanon,,The World Bank,http://linked.aub.edu.lb/CODEC/Lebanon/Dataset/social-development-Lebanon,2000
http://dbpedia.org/resource/Lebanon,SL.TLF.ACTI.1524.MA.ZS,4.28E+01,http://linked.aub.edu.lb/CODEC/Lebanon/observation/social-development-Lebanon-SL.TLF.ACTI.1524.MA.ZS-2001,https://data.humdata.org/dataset/world-bank-social-development-indicators-for-lebanon,,The World Bank,http://linked.aub.edu.lb/CODEC/Lebanon/Dataset/social-development-Lebanon,2001
http://dbpedia.org/resource/Lebanon,SL.TLF.ACTI.1524.MA.ZS,4.29E+01,http://linked.aub.edu.lb/CODEC/Lebanon/observation/social-development-Lebanon-SL.TLF.ACTI.1524.MA.ZS-2002,https://data.humdata.org/dataset/world-bank-social-development-indicators-for-lebanon,,The World Bank,http://linked.aub.edu.lb/CODEC/Lebanon/Dataset/social-development-Lebanon,2002
http://dbpedia.org/resource/Lebanon,SL.TLF.ACTI.1524.MA.ZS,4.30E+01,http://linked.aub.edu.lb/CODEC/Lebanon/observation/social-development-Lebanon-SL.TLF.ACTI.1524.MA.ZS-2003,https://data.humdata.org/dataset/world-bank-social-development-indicators-for-lebanon,,The World Bank,http://linked.aub.edu.lb/CODEC/Lebanon/Dataset/social-development-Lebanon,2003
http://dbpedia.org/resource/Lebanon,SL.TLF.ACTI.1524.MA.ZS,4.27E+01,http://linked.aub.edu.lb/CODEC/Lebanon/observation/social-development-Lebanon-SL.TLF.ACTI.1524.MA.ZS-2004,https://data.humdata.org/dataset/world-bank-social-development-indicators-for-lebanon,,The World Bank,http://linked.aub.edu.lb/CODEC/Lebanon/Dataset/social-development-Lebanon,2004
http://dbpedia.org/resource/Lebanon,SL.TLF.ACTI.1524.MA.ZS,4.26E+01,http://linked.aub.edu.lb/CODEC/Lebanon/observation/social-development-Lebanon-SL.TLF.ACTI.1524.MA.ZS-2005,https://data.humdata.org/dataset/world-bank-social-development-indicators-for-lebanon,,The World Bank,http://linked.aub.edu.lb/CODEC/Lebanon/Dataset/social-development-Lebanon,2005
http://dbpedia.org/resource/Lebanon,SL.TLF.ACTI.1524.MA.ZS,4.24E+01,http://linked.aub.edu.lb/CODEC/Lebanon/observation/social-development-Lebanon-SL.TLF.ACTI.1524.MA.ZS-2006,https://data.humdata.org/dataset/world-bank-social-development-indicators-for-lebanon,,The World Bank,http://linked.aub.edu.lb/CODEC/Lebanon/Dataset/social-development-Lebanon,2006
http://dbpedia.org/resource/Lebanon,SL.TLF.ACTI.1524.MA.ZS,4.23E+01,http://linked.aub.edu.lb/CODEC/Lebanon/observation/social-development-Lebanon-SL.TLF.ACTI.1524.MA.ZS-2007,https://data.humdata.org/dataset/world-bank-social-development-indicators-for-lebanon,,The World Bank,http://linked.aub.edu.lb/CODEC/Lebanon/Dataset/social-development-Lebanon,2007
http://dbpedia.org/resource/Lebanon,SL.TLF.ACTI.1524.MA.ZS,4.29E+01,http://linked.aub.edu.lb/CODEC/Lebanon/observation/social-development-Lebanon-SL.TLF.ACTI.1524.MA.ZS-2008,https://data.humdata.org/dataset/world-bank-social-development-indicators-for-lebanon,,The World Bank,http://linked.aub.edu.lb/CODEC/Lebanon/Dataset/social-development-Lebanon,2008
http://dbpedia.org/resource/Lebanon,SL.TLF.ACTI.1524.MA.ZS,4.35E+01,http://linked.aub.edu.lb/CODEC/Lebanon/observation/social-development-Lebanon-SL.TLF.ACTI.1524.MA.ZS-2009,https://data.humdata.org/dataset/world-bank-social-development-indicators-for-lebanon,,The World Bank,http://linked.aub.edu.lb/CODEC/Lebanon/Dataset/social-development-Lebanon,2009
http://dbpedia.org/resource/Lebanon,SL.TLF.ACTI.1524.MA.ZS,4.41E+01,http://linked.aub.edu.lb/CODEC/Lebanon/observation/social-development-Lebanon-SL.TLF.ACTI.1524.MA.ZS-2010,https://data.humdata.org/dataset/world-bank-social-development-indicators-for-lebanon,,The World Bank,http://linked.aub.edu.lb/CODEC/Lebanon/Dataset/social-development-Lebanon,2010
http://dbpedia.org/resource/Lebanon,SL.TLF.ACTI.1524.MA.ZS,4.47E+01,http://linked.aub.edu.lb/CODEC/Lebanon/observation/social-development-Lebanon-SL.TLF.ACTI.1524.MA.ZS-2011,https://data.humdata.org/dataset/world-bank-social-development-indicators-for-lebanon,,The World Bank,http://linked.aub.edu.lb/CODEC/Lebanon/Dataset/social-development-Lebanon,2011
http://dbpedia.org/resource/Lebanon,SL.TLF.ACTI.1524.MA.ZS,4.52E+01,http://linked.aub.edu.lb/CODEC/Lebanon/observation/social-development-Lebanon-SL.TLF.ACTI.1524.MA.ZS-2012,https://data.humdata.org/dataset/world-bank-social-development-indicators-for-lebanon,,The World Bank,http://linked.aub.edu.lb/CODEC/Lebanon/Dataset/social-development-Lebanon,2012
http://dbpedia.org/resource/Lebanon,SL.TLF.ACTI.1524.MA.ZS,4.58E+01,http://linked.aub.edu.lb/CODEC/Lebanon/observation/social-development-Lebanon-SL.TLF.ACTI.1524.MA.ZS-2013,https://data.humdata.org/dataset/world-bank-social-development-indicators-for-lebanon,,The World Bank,http://linked.aub.edu.lb/CODEC/Lebanon/Dataset/social-development-Lebanon,2013
http://dbpedia.org/resource/Lebanon,SL.TLF.ACTI.1524.MA.ZS,4.64E+01,http://linked.aub.edu.lb/CODEC/Lebanon/observation/social-development-Lebanon-SL.TLF.ACTI.1524.MA.ZS-2014,https://data.humdata.org/dataset/world-bank-social-development-indicators-for-lebanon,,The World Bank,http://linked.aub.edu.lb/CODEC/Lebanon/Dataset/social-development-Lebanon,2014
http://dbpedia.org/resource/Lebanon,SL.TLF.ACTI.1524.MA.ZS,4.70E+01,http://linked.aub.edu.lb/CODEC/Lebanon/observation/social-development-Lebanon-SL.TLF.ACTI.1524.MA.ZS-2015,https://data.humdata.org/dataset/world-bank-social-development-indicators-for-lebanon,,The World Bank,http://linked.aub.edu.lb/CODEC/Lebanon/Dataset/social-development-Lebanon,2015
http://dbpedia.org/resource/Lebanon,SL.TLF.ACTI.1524.MA.ZS,4.77E+01,http://linked.aub.edu.lb/CODEC/Lebanon/observation/social-development-Lebanon-SL.TLF.ACTI.1524.MA.ZS-2016,https://data.humdata.org/dataset/world-bank-social-development-indicators-for-lebanon,,The World Bank,http://linked.aub.edu.lb/CODEC/Lebanon/Dataset/social-development-Lebanon,2016
http://dbpedia.org/resource/Lebanon,SL.TLF.ACTI.1524.MA.ZS,4.83E+01,http://linked.aub.edu.lb/CODEC/Lebanon/observation/social-development-Lebanon-SL.TLF.ACTI.1524.MA.ZS-2017,https://data.humdata.org/dataset/world-bank-social-development-indicators-for-lebanon,,The World Bank,http://linked.aub.edu.lb/CODEC/Lebanon/Dataset/social-development-Lebanon,2017
http://dbpedia.org/resource/Lebanon,SL.TLF.ACTI.1524.MA.ZS,4.89E+01,http://linked.aub.edu.lb/CODEC/Lebanon/observation/social-development-Lebanon-SL.TLF.ACTI.1524.MA.ZS-2018,https://data.humdata.org/dataset/world-bank-social-development-indicators-for-lebanon,,The World Bank,http://linked.aub.edu.lb/CODEC/Lebanon/Dataset/social-development-Lebanon,2018
http://dbpedia.org/resource/Lebanon,SL.TLF.ACTI.1524.MA.ZS,4.95E+01,http://linked.aub.edu.lb/CODEC/Lebanon/observation/social-development-Lebanon-SL.TLF.ACTI.1524.MA.ZS-2019,https://data.humdata.org/dataset/world-bank-social-development-indicators-for-lebanon,,The World Bank,http://linked.aub.edu.lb/CODEC/Lebanon/Dataset/social-development-Lebanon,2019
http://dbpedia.org/resource/Lebanon,SL.TLF.ACTI.1524.MA.ZS,4.38E+01,http://linked.aub.edu.lb/CODEC/Lebanon/observation/social-development-Lebanon-SL.TLF.ACTI.1524.MA.ZS-2020,https://data.humdata.org/dataset/world-bank-social-development-indicators-for-lebanon,,The World Bank,http://linked.aub.edu.lb/CODEC/Lebanon/Dataset/social-development-Lebanon,2020
http://dbpedia.org/resource/Lebanon,SL.TLF.ACTI.1524.MA.ZS,4.49E+01,http://linked.aub.edu.lb/CODEC/Lebanon/observation/social-development-Lebanon-SL.TLF.ACTI.1524.MA.ZS-2021,https://data.humdata.org/dataset/world-bank-social-development-indicators-for-lebanon,,The World Bank,http://linked.aub.edu.lb/CODEC/Lebanon/Dataset/social-development-Lebanon,2021
http://dbpedia.org/resource/Lebanon,SL.TLF.ACTI.1524.MA.ZS,4.60E+01,http://linked.aub.edu.lb/CODEC/Lebanon/observation/social-development-Lebanon-SL.TLF.ACTI.1524.MA.ZS-2022,https://data.humdata.org/dataset/world-bank-social-development-indicators-for-lebanon,,The World Bank,http://linked.aub.edu.lb/CODEC/Lebanon/Dataset/social-development-Lebanon,2022
http://dbpedia.org/resource/Lebanon,SL.TLF.ACTI.1524.ZS,3.43E+01,http://linked.aub.edu.lb/CODEC/Lebanon/observation/social-development-Lebanon-SL.TLF.ACTI.1524.ZS-1990,https://data.humdata.org/dataset/world-bank-social-development-indicators-for-lebanon,,The World Bank,http://linked.aub.edu.lb/CODEC/Lebanon/Dataset/social-development-Lebanon,1990
http://dbpedia.org/resource/Lebanon,SL.TLF.ACTI.1524.ZS,3.42E+01,http://linked.aub.edu.lb/CODEC/Lebanon/observation/social-development-Lebanon-SL.TLF.ACTI.1524.ZS-1991,https://data.humdata.org/dataset/world-bank-social-development-indicators-for-lebanon,,The World Bank,http://linked.aub.edu.lb/CODEC/Lebanon/Dataset/social-development-Lebanon,1991
http://dbpedia.org/resource/Lebanon,SL.TLF.ACTI.1524.ZS,3.35E+01,http://linked.aub.edu.lb/CODEC/Lebanon/observation/social-development-Lebanon-SL.TLF.ACTI.1524.ZS-1992,https://data.humdata.org/dataset/world-bank-social-development-indicators-for-lebanon,,The World Bank,http://linked.aub.edu.lb/CODEC/Lebanon/Dataset/social-development-Lebanon,1992
http://dbpedia.org/resource/Lebanon,SL.TLF.ACTI.1524.ZS,3.31E+01,http://linked.aub.edu.lb/CODEC/Lebanon/observation/social-development-Lebanon-SL.TLF.ACTI.1524.ZS-1993,https://data.humdata.org/dataset/world-bank-social-development-indicators-for-lebanon,,The World Bank,http://linked.aub.edu.lb/CODEC/Lebanon/Dataset/social-development-Lebanon,1993
http://dbpedia.org/resource/Lebanon,SL.TLF.ACTI.1524.ZS,3.27E+01,http://linked.aub.edu.lb/CODEC/Lebanon/observation/social-development-Lebanon-SL.TLF.ACTI.1524.ZS-1994,https://data.humdata.org/dataset/world-bank-social-development-indicators-for-lebanon,,The World Bank,http://linked.aub.edu.lb/CODEC/Lebanon/Dataset/social-development-Lebanon,1994
http://dbpedia.org/resource/Lebanon,SL.TLF.ACTI.1524.ZS,3.23E+01,http://linked.aub.edu.lb/CODEC/Lebanon/observation/social-development-Lebanon-SL.TLF.ACTI.1524.ZS-1995,https://data.humdata.org/dataset/world-bank-social-development-indicators-for-lebanon,,The World Bank,http://linked.aub.edu.lb/CODEC/Lebanon/Dataset/social-development-Lebanon,1995
http://dbpedia.org/resource/Lebanon,SL.TLF.ACTI.1524.ZS,3.17E+01,http://linked.aub.edu.lb/CODEC/Lebanon/observation/social-development-Lebanon-SL.TLF.ACTI.1524.ZS-1996,https://data.humdata.org/dataset/world-bank-social-development-indicators-for-lebanon,,The World Bank,http://linked.aub.edu.lb/CODEC/Lebanon/Dataset/social-development-Lebanon,1996
http://dbpedia.org/resource/Lebanon,SL.TLF.ACTI.1524.ZS,3.15E+01,http://linked.aub.edu.lb/CODEC/Lebanon/observation/social-development-Lebanon-SL.TLF.ACTI.1524.ZS-1997,https://data.humdata.org/dataset/world-bank-social-development-indicators-for-lebanon,,The World Bank,http://linked.aub.edu.lb/CODEC/Lebanon/Dataset/social-development-Lebanon,1997
http://dbpedia.org/resource/Lebanon,SL.TLF.ACTI.1524.ZS,3.12E+01,http://linked.aub.edu.lb/CODEC/Lebanon/observation/social-development-Lebanon-SL.TLF.ACTI.1524.ZS-1998,https://data.humdata.org/dataset/world-bank-social-development-indicators-for-lebanon,,The World Bank,http://linked.aub.edu.lb/CODEC/Lebanon/Dataset/social-development-Lebanon,1998
http://dbpedia.org/resource/Lebanon,SL.TLF.ACTI.1524.ZS,3.11E+01,http://linked.aub.edu.lb/CODEC/Lebanon/observation/social-development-Lebanon-SL.TLF.ACTI.1524.ZS-1999,https://data.humdata.org/dataset/world-bank-social-development-indicators-for-lebanon,,The World Bank,http://linked.aub.edu.lb/CODEC/Lebanon/Dataset/social-development-Lebanon,1999
http://dbpedia.org/resource/Lebanon,SL.TLF.ACTI.1524.ZS,3.09E+01,http://linked.aub.edu.lb/CODEC/Lebanon/observation/social-development-Lebanon-SL.TLF.ACTI.1524.ZS-2000,https://data.humdata.org/dataset/world-bank-social-development-indicators-for-lebanon,,The World Bank,http://linked.aub.edu.lb/CODEC/Lebanon/Dataset/social-development-Lebanon,2000
http://dbpedia.org/resource/Lebanon,SL.TLF.ACTI.1524.ZS,3.09E+01,http://linked.aub.edu.lb/CODEC/Lebanon/observation/social-development-Lebanon-SL.TLF.ACTI.1524.ZS-2001,https://data.humdata.org/dataset/world-bank-social-development-indicators-for-lebanon,,The World Bank,http://linked.aub.edu.lb/CODEC/Lebanon/Dataset/social-development-Lebanon,2001
http://dbpedia.org/resource/Lebanon,SL.TLF.ACTI.1524.ZS,3.09E+01,http://linked.aub.edu.lb/CODEC/Lebanon/observation/social-development-Lebanon-SL.TLF.ACTI.1524.ZS-2002,https://data.humdata.org/dataset/world-bank-social-development-indicators-for-lebanon,,The World Bank,http://linked.aub.edu.lb/CODEC/Lebanon/Dataset/social-development-Lebanon,2002
http://dbpedia.org/resource/Lebanon,SL.TLF.ACTI.1524.ZS,3.10E+01,http://linked.aub.edu.lb/CODEC/Lebanon/observation/social-development-Lebanon-SL.TLF.ACTI.1524.ZS-2003,https://data.humdata.org/dataset/world-bank-social-development-indicators-for-lebanon,,The World Bank,http://linked.aub.edu.lb/CODEC/Lebanon/Dataset/social-development-Lebanon,2003
http://dbpedia.org/resource/Lebanon,SL.TLF.ACTI.1524.ZS,3.08E+01,http://linked.aub.edu.lb/CODEC/Lebanon/observation/social-development-Lebanon-SL.TLF.ACTI.1524.ZS-2004,https://data.humdata.org/dataset/world-bank-social-development-indicators-for-lebanon,,The World Bank,http://linked.aub.edu.lb/CODEC/Lebanon/Dataset/social-development-Lebanon,2004
http://dbpedia.org/resource/Lebanon,SL.TLF.ACTI.1524.ZS,3.08E+01,http://linked.aub.edu.lb/CODEC/Lebanon/observation/social-development-Lebanon-SL.TLF.ACTI.1524.ZS-2005,https://data.humdata.org/dataset/world-bank-social-development-indicators-for-lebanon,,The World Bank,http://linked.aub.edu.lb/CODEC/Lebanon/Dataset/social-development-Lebanon,2005
http://dbpedia.org/resource/Lebanon,SL.TLF.ACTI.1524.ZS,3.08E+01,http://linked.aub.edu.lb/CODEC/Lebanon/observation/social-development-Lebanon-SL.TLF.ACTI.1524.ZS-2006,https://data.humdata.org/dataset/world-bank-social-development-indicators-for-lebanon,,The World Bank,http://linked.aub.edu.lb/CODEC/Lebanon/Dataset/social-development-Lebanon,2006
http://dbpedia.org/resource/Lebanon,SL.TLF.ACTI.1524.ZS,3.08E+01,http://linked.aub.edu.lb/CODEC/Lebanon/observation/social-development-Lebanon-SL.TLF.ACTI.1524.ZS-2007,https://data.humdata.org/dataset/world-bank-social-development-indicators-for-lebanon,,The World Bank,http://linked.aub.edu.lb/CODEC/Lebanon/Dataset/social-development-Lebanon,2007
http://dbpedia.org/resource/Lebanon,SL.TLF.ACTI.1524.ZS,3.14E+01,http://linked.aub.edu.lb/CODEC/Lebanon/observation/social-development-Lebanon-SL.TLF.ACTI.1524.ZS-2008,https://data.humdata.org/dataset/world-bank-social-development-indicators-for-lebanon,,The World Bank,http://linked.aub.edu.lb/CODEC/Lebanon/Dataset/social-development-Lebanon,2008
http://dbpedia.org/resource/Lebanon,SL.TLF.ACTI.1524.ZS,3.21E+01,http://linked.aub.edu.lb/CODEC/Lebanon/observation/social-development-Lebanon-SL.TLF.ACTI.1524.ZS-2009,https://data.humdata.org/dataset/world-bank-social-development-indicators-for-lebanon,,The World Bank,http://linked.aub.edu.lb/CODEC/Lebanon/Dataset/social-development-Lebanon,2009
http://dbpedia.org/resource/Lebanon,SL.TLF.ACTI.1524.ZS,3.28E+01,http://linked.aub.edu.lb/CODEC/Lebanon/observation/social-development-Lebanon-SL.TLF.ACTI.1524.ZS-2010,https://data.humdata.org/dataset/world-bank-social-development-indicators-for-lebanon,,The World Bank,http://linked.aub.edu.lb/CODEC/Lebanon/Dataset/social-development-Lebanon,2010
http://dbpedia.org/resource/Lebanon,SL.TLF.ACTI.1524.ZS,3.35E+01,http://linked.aub.edu.lb/CODEC/Lebanon/observation/social-development-Lebanon-SL.TLF.ACTI.1524.ZS-2011,https://data.humdata.org/dataset/world-bank-social-development-indicators-for-lebanon,,The World Bank,http://linked.aub.edu.lb/CODEC/Lebanon/Dataset/social-development-Lebanon,2011
http://dbpedia.org/resource/Lebanon,SL.TLF.ACTI.1524.ZS,3.42E+01,http://linked.aub.edu.lb/CODEC/Lebanon/observation/social-development-Lebanon-SL.TLF.ACTI.1524.ZS-2012,https://data.humdata.org/dataset/world-bank-social-development-indicators-for-lebanon,,The World Bank,http://linked.aub.edu.lb/CODEC/Lebanon/Dataset/social-development-Lebanon,2012
http://dbpedia.org/resource/Lebanon,SL.TLF.ACTI.1524.ZS,3.49E+01,http://linked.aub.edu.lb/CODEC/Lebanon/observation/social-development-Lebanon-SL.TLF.ACTI.1524.ZS-2013,https://data.humdata.org/dataset/world-bank-social-development-indicators-for-lebanon,,The World Bank,http://linked.aub.edu.lb/CODEC/Lebanon/Dataset/social-development-Lebanon,2013
http://dbpedia.org/resource/Lebanon,SL.TLF.ACTI.1524.ZS,3.56E+01,http://linked.aub.edu.lb/CODEC/Lebanon/observation/social-development-Lebanon-SL.TLF.ACTI.1524.ZS-2014,https://data.humdata.org/dataset/world-bank-social-development-indicators-for-lebanon,,The World Bank,http://linked.aub.edu.lb/CODEC/Lebanon/Dataset/social-development-Lebanon,2014
http://dbpedia.org/resource/Lebanon,SL.TLF.ACTI.1524.ZS,3.63E+01,http://linked.aub.edu.lb/CODEC/Lebanon/observation/social-development-Lebanon-SL.TLF.ACTI.1524.ZS-2015,https://data.humdata.org/dataset/world-bank-social-development-indicators-for-lebanon,,The World Bank,http://linked.aub.edu.lb/CODEC/Lebanon/Dataset/social-development-Lebanon,2015
http://dbpedia.org/resource/Lebanon,SL.TLF.ACTI.1524.ZS,3.70E+01,http://linked.aub.edu.lb/CODEC/Lebanon/observation/social-development-Lebanon-SL.TLF.ACTI.1524.ZS-2016,https://data.humdata.org/dataset/world-bank-social-development-indicators-for-lebanon,,The World Bank,http://linked.aub.edu.lb/CODEC/Lebanon/Dataset/social-development-Lebanon,2016
http://dbpedia.org/resource/Lebanon,SL.TLF.ACTI.1524.ZS,3.78E+01,http://linked.aub.edu.lb/CODEC/Lebanon/observation/social-development-Lebanon-SL.TLF.ACTI.1524.ZS-2017,https://data.humdata.org/dataset/world-bank-social-development-indicators-for-lebanon,,The World Bank,http://linked.aub.edu.lb/CODEC/Lebanon/Dataset/social-development-Lebanon,2017
http://dbpedia.org/resource/Lebanon,SL.TLF.ACTI.1524.ZS,3.85E+01,http://linked.aub.edu.lb/CODEC/Lebanon/observation/social-development-Lebanon-SL.TLF.ACTI.1524.ZS-2018,https://data.humdata.org/dataset/world-bank-social-development-indicators-for-lebanon,,The World Bank,http://linked.aub.edu.lb/CODEC/Lebanon/Dataset/social-development-Lebanon,2018
http://dbpedia.org/resource/Lebanon,SL.TLF.ACTI.1524.ZS,3.92E+01,http://linked.aub.edu.lb/CODEC/Lebanon/observation/social-development-Lebanon-SL.TLF.ACTI.1524.ZS-2019,https://data.humdata.org/dataset/world-bank-social-development-indicators-for-lebanon,,The World Bank,http://linked.aub.edu.lb/CODEC/Lebanon/Dataset/social-development-Lebanon,2019
http://dbpedia.org/resource/Lebanon,SL.TLF.ACTI.1524.ZS,3.46E+01,http://linked.aub.edu.lb/CODEC/Lebanon/observation/social-development-Lebanon-SL.TLF.ACTI.1524.ZS-2020,https://data.humdata.org/dataset/world-bank-social-development-indicators-for-lebanon,,The World Bank,http://linked.aub.edu.lb/CODEC/Lebanon/Dataset/social-development-Lebanon,2020
http://dbpedia.org/resource/Lebanon,SL.TLF.ACTI.1524.ZS,3.56E+01,http://linked.aub.edu.lb/CODEC/Lebanon/observation/social-development-Lebanon-SL.TLF.ACTI.1524.ZS-2021,https://data.humdata.org/dataset/world-bank-social-development-indicators-for-lebanon,,The World Bank,http://linked.aub.edu.lb/CODEC/Lebanon/Dataset/social-development-Lebanon,2021
http://dbpedia.org/resource/Lebanon,SL.TLF.ACTI.1524.ZS,3.68E+01,http://linked.aub.edu.lb/CODEC/Lebanon/observation/social-development-Lebanon-SL.TLF.ACTI.1524.ZS-2022,https://data.humdata.org/dataset/world-bank-social-development-indicators-for-lebanon,,The World Bank,http://linked.aub.edu.lb/CODEC/Lebanon/Dataset/social-development-Lebanon,2022
http://dbpedia.org/resource/Lebanon,SL.TLF.ACTI.FE.ZS,2.00E+01,http://linked.aub.edu.lb/CODEC/Lebanon/observation/social-development-Lebanon-SL.TLF.ACTI.FE.ZS-1990,https://data.humdata.org/dataset/world-bank-social-development-indicators-for-lebanon,,The World Bank,http://linked.aub.edu.lb/CODEC/Lebanon/Dataset/social-development-Lebanon,1990
http://dbpedia.org/resource/Lebanon,SL.TLF.ACTI.FE.ZS,2.03E+01,http://linked.aub.edu.lb/CODEC/Lebanon/observation/social-development-Lebanon-SL.TLF.ACTI.FE.ZS-1991,https://data.humdata.org/dataset/world-bank-social-development-indicators-for-lebanon,,The World Bank,http://linked.aub.edu.lb/CODEC/Lebanon/Dataset/social-development-Lebanon,1991
http://dbpedia.org/resource/Lebanon,SL.TLF.ACTI.FE.ZS,2.06E+01,http://linked.aub.edu.lb/CODEC/Lebanon/observation/social-development-Lebanon-SL.TLF.ACTI.FE.ZS-1992,https://data.humdata.org/dataset/world-bank-social-development-indicators-for-lebanon,,The World Bank,http://linked.aub.edu.lb/CODEC/Lebanon/Dataset/social-development-Lebanon,1992
http://dbpedia.org/resource/Lebanon,SL.TLF.ACTI.FE.ZS,2.09E+01,http://linked.aub.edu.lb/CODEC/Lebanon/observation/social-development-Lebanon-SL.TLF.ACTI.FE.ZS-1993,https://data.humdata.org/dataset/world-bank-social-development-indicators-for-lebanon,,The World Bank,http://linked.aub.edu.lb/CODEC/Lebanon/Dataset/social-development-Lebanon,1993
http://dbpedia.org/resource/Lebanon,SL.TLF.ACTI.FE.ZS,2.12E+01,http://linked.aub.edu.lb/CODEC/Lebanon/observation/social-development-Lebanon-SL.TLF.ACTI.FE.ZS-1994,https://data.humdata.org/dataset/world-bank-social-development-indicators-for-lebanon,,The World Bank,http://linked.aub.edu.lb/CODEC/Lebanon/Dataset/social-development-Lebanon,1994
http://dbpedia.org/resource/Lebanon,SL.TLF.ACTI.FE.ZS,2.14E+01,http://linked.aub.edu.lb/CODEC/Lebanon/observation/social-development-Lebanon-SL.TLF.ACTI.FE.ZS-1995,https://data.humdata.org/dataset/world-bank-social-development-indicators-for-lebanon,,The World Bank,http://linked.aub.edu.lb/CODEC/Lebanon/Dataset/social-development-Lebanon,1995
http://dbpedia.org/resource/Lebanon,SL.TLF.ACTI.FE.ZS,2.15E+01,http://linked.aub.edu.lb/CODEC/Lebanon/observation/social-development-Lebanon-SL.TLF.ACTI.FE.ZS-1996,https://data.humdata.org/dataset/world-bank-social-development-indicators-for-lebanon,,The World Bank,http://linked.aub.edu.lb/CODEC/Lebanon/Dataset/social-development-Lebanon,1996
http://dbpedia.org/resource/Lebanon,SL.TLF.ACTI.FE.ZS,2.16E+01,http://linked.aub.edu.lb/CODEC/Lebanon/observation/social-development-Lebanon-SL.TLF.ACTI.FE.ZS-1997,https://data.humdata.org/dataset/world-bank-social-development-indicators-for-lebanon,,The World Bank,http://linked.aub.edu.lb/CODEC/Lebanon/Dataset/social-development-Lebanon,1997
http://dbpedia.org/resource/Lebanon,SL.TLF.ACTI.FE.ZS,2.17E+01,http://linked.aub.edu.lb/CODEC/Lebanon/observation/social-development-Lebanon-SL.TLF.ACTI.FE.ZS-1998,https://data.humdata.org/dataset/world-bank-social-development-indicators-for-lebanon,,The World Bank,http://linked.aub.edu.lb/CODEC/Lebanon/Dataset/social-development-Lebanon,1998
http://dbpedia.org/resource/Lebanon,SL.TLF.ACTI.FE.ZS,2.18E+01,http://linked.aub.edu.lb/CODEC/Lebanon/observation/social-development-Lebanon-SL.TLF.ACTI.FE.ZS-1999,https://data.humdata.org/dataset/world-bank-social-development-indicators-for-lebanon,,The World Bank,http://linked.aub.edu.lb/CODEC/Lebanon/Dataset/social-development-Lebanon,1999
http://dbpedia.org/resource/Lebanon,SL.TLF.ACTI.FE.ZS,2.19E+01,http://linked.aub.edu.lb/CODEC/Lebanon/observation/social-development-Lebanon-SL.TLF.ACTI.FE.ZS-2000,https://data.humdata.org/dataset/world-bank-social-development-indicators-for-lebanon,,The World Bank,http://linked.aub.edu.lb/CODEC/Lebanon/Dataset/social-development-Lebanon,2000
http://dbpedia.org/resource/Lebanon,SL.TLF.ACTI.FE.ZS,2.19E+01,http://linked.aub.edu.lb/CODEC/Lebanon/observation/social-development-Lebanon-SL.TLF.ACTI.FE.ZS-2001,https://data.humdata.org/dataset/world-bank-social-development-indicators-for-lebanon,,The World Bank,http://linked.aub.edu.lb/CODEC/Lebanon/Dataset/social-development-Lebanon,2001
http://dbpedia.org/resource/Lebanon,SL.TLF.ACTI.FE.ZS,2.19E+01,http://linked.aub.edu.lb/CODEC/Lebanon/observation/social-development-Lebanon-SL.TLF.ACTI.FE.ZS-2002,https://data.humdata.org/dataset/world-bank-social-development-indicators-for-lebanon,,The World Bank,http://linked.aub.edu.lb/CODEC/Lebanon/Dataset/social-development-Lebanon,2002
http://dbpedia.org/resource/Lebanon,SL.TLF.ACTI.FE.ZS,2.19E+01,http://linked.aub.edu.lb/CODEC/Lebanon/observation/social-development-Lebanon-SL.TLF.ACTI.FE.ZS-2003,https://data.humdata.org/dataset/world-bank-social-development-indicators-for-lebanon,,The World Bank,http://linked.aub.edu.lb/CODEC/Lebanon/Dataset/social-development-Lebanon,2003
http://dbpedia.org/resource/Lebanon,SL.TLF.ACTI.FE.ZS,2.20E+01,http://linked.aub.edu.lb/CODEC/Lebanon/observation/social-development-Lebanon-SL.TLF.ACTI.FE.ZS-2004,https://data.humdata.org/dataset/world-bank-social-development-indicators-for-lebanon,,The World Bank,http://linked.aub.edu.lb/CODEC/Lebanon/Dataset/social-development-Lebanon,2004
http://dbpedia.org/resource/Lebanon,SL.TLF.ACTI.FE.ZS,2.23E+01,http://linked.aub.edu.lb/CODEC/Lebanon/observation/social-development-Lebanon-SL.TLF.ACTI.FE.ZS-2005,https://data.humdata.org/dataset/world-bank-social-development-indicators-for-lebanon,,The World Bank,http://linked.aub.edu.lb/CODEC/Lebanon/Dataset/social-development-Lebanon,2005
http://dbpedia.org/resource/Lebanon,SL.TLF.ACTI.FE.ZS,2.27E+01,http://linked.aub.edu.lb/CODEC/Lebanon/observation/social-development-Lebanon-SL.TLF.ACTI.FE.ZS-2006,https://data.humdata.org/dataset/world-bank-social-development-indicators-for-lebanon,,The World Bank,http://linked.aub.edu.lb/CODEC/Lebanon/Dataset/social-development-Lebanon,2006
http://dbpedia.org/resource/Lebanon,SL.TLF.ACTI.FE.ZS,2.30E+01,http://linked.aub.edu.lb/CODEC/Lebanon/observation/social-development-Lebanon-SL.TLF.ACTI.FE.ZS-2007,https://data.humdata.org/dataset/world-bank-social-development-indicators-for-lebanon,,The World Bank,http://linked.aub.edu.lb/CODEC/Lebanon/Dataset/social-development-Lebanon,2007
http://dbpedia.org/resource/Lebanon,SL.TLF.ACTI.FE.ZS,2.36E+01,http://linked.aub.edu.lb/CODEC/Lebanon/observation/social-development-Lebanon-SL.TLF.ACTI.FE.ZS-2008,https://data.humdata.org/dataset/world-bank-social-development-indicators-for-lebanon,,The World Bank,http://linked.aub.edu.lb/CODEC/Lebanon/Dataset/social-development-Lebanon,2008
http://dbpedia.org/resource/Lebanon,SL.TLF.ACTI.FE.ZS,2.43E+01,http://linked.aub.edu.lb/CODEC/Lebanon/observation/social-development-Lebanon-SL.TLF.ACTI.FE.ZS-2009,https://data.humdata.org/dataset/world-bank-social-development-indicators-for-lebanon,,The World Bank,http://linked.aub.edu.lb/CODEC/Lebanon/Dataset/social-development-Lebanon,2009
http://dbpedia.org/resource/Lebanon,SL.TLF.ACTI.FE.ZS,2.50E+01,http://linked.aub.edu.lb/CODEC/Lebanon/observation/social-development-Lebanon-SL.TLF.ACTI.FE.ZS-2010,https://data.humdata.org/dataset/world-bank-social-development-indicators-for-lebanon,,The World Bank,http://linked.aub.edu.lb/CODEC/Lebanon/Dataset/social-development-Lebanon,2010
http://dbpedia.org/resource/Lebanon,SL.TLF.ACTI.FE.ZS,2.57E+01,http://linked.aub.edu.lb/CODEC/Lebanon/observation/social-development-Lebanon-SL.TLF.ACTI.FE.ZS-2011,https://data.humdata.org/dataset/world-bank-social-development-indicators-for-lebanon,,The World Bank,http://linked.aub.edu.lb/CODEC/Lebanon/Dataset/social-development-Lebanon,2011
http://dbpedia.org/resource/Lebanon,SL.TLF.ACTI.FE.ZS,2.65E+01,http://linked.aub.edu.lb/CODEC/Lebanon/observation/social-development-Lebanon-SL.TLF.ACTI.FE.ZS-2012,https://data.humdata.org/dataset/world-bank-social-development-indicators-for-lebanon,,The World Bank,http://linked.aub.edu.lb/CODEC/Lebanon/Dataset/social-development-Lebanon,2012
http://dbpedia.org/resource/Lebanon,SL.TLF.ACTI.FE.ZS,2.72E+01,http://linked.aub.edu.lb/CODEC/Lebanon/observation/social-development-Lebanon-SL.TLF.ACTI.FE.ZS-2013,https://data.humdata.org/dataset/world-bank-social-development-indicators-for-lebanon,,The World Bank,http://linked.aub.edu.lb/CODEC/Lebanon/Dataset/social-development-Lebanon,2013
http://dbpedia.org/resource/Lebanon,SL.TLF.ACTI.FE.ZS,2.80E+01,http://linked.aub.edu.lb/CODEC/Lebanon/observation/social-development-Lebanon-SL.TLF.ACTI.FE.ZS-2014,https://data.humdata.org/dataset/world-bank-social-development-indicators-for-lebanon,,The World Bank,http://linked.aub.edu.lb/CODEC/Lebanon/Dataset/social-development-Lebanon,2014
http://dbpedia.org/resource/Lebanon,SL.TLF.ACTI.FE.ZS,2.89E+01,http://linked.aub.edu.lb/CODEC/Lebanon/observation/social-development-Lebanon-SL.TLF.ACTI.FE.ZS-2015,https://data.humdata.org/dataset/world-bank-social-development-indicators-for-lebanon,,The World Bank,http://linked.aub.edu.lb/CODEC/Lebanon/Dataset/social-development-Lebanon,2015
http://dbpedia.org/resource/Lebanon,SL.TLF.ACTI.FE.ZS,2.99E+01,http://linked.aub.edu.lb/CODEC/Lebanon/observation/social-development-Lebanon-SL.TLF.ACTI.FE.ZS-2016,https://data.humdata.org/dataset/world-bank-social-development-indicators-for-lebanon,,The World Bank,http://linked.aub.edu.lb/CODEC/Lebanon/Dataset/social-development-Lebanon,2016
http://dbpedia.org/resource/Lebanon,SL.TLF.ACTI.FE.ZS,3.10E+01,http://linked.aub.edu.lb/CODEC/Lebanon/observation/social-development-Lebanon-SL.TLF.ACTI.FE.ZS-2017,https://data.humdata.org/dataset/world-bank-social-development-indicators-for-lebanon,,The World Bank,http://linked.aub.edu.lb/CODEC/Lebanon/Dataset/social-development-Lebanon,2017
http://dbpedia.org/resource/Lebanon,SL.TLF.ACTI.FE.ZS,3.21E+01,http://linked.aub.edu.lb/CODEC/Lebanon/observation/social-development-Lebanon-SL.TLF.ACTI.FE.ZS-2018,https://data.humdata.org/dataset/world-bank-social-development-indicators-for-lebanon,,The World Bank,http://linked.aub.edu.lb/CODEC/Lebanon/Dataset/social-development-Lebanon,2018
http://dbpedia.org/resource/Lebanon,SL.TLF.ACTI.FE.ZS,3.31E+01,http://linked.aub.edu.lb/CODEC/Lebanon/observation/social-development-Lebanon-SL.TLF.ACTI.FE.ZS-2019,https://data.humdata.org/dataset/world-bank-social-development-indicators-for-lebanon,,The World Bank,http://linked.aub.edu.lb/CODEC/Lebanon/Dataset/social-development-Lebanon,2019
http://dbpedia.org/resource/Lebanon,SL.TLF.ACTI.FE.ZS,3.02E+01,http://linked.aub.edu.lb/CODEC/Lebanon/observation/social-development-Lebanon-SL.TLF.ACTI.FE.ZS-2020,https://data.humdata.org/dataset/world-bank-social-development-indicators-for-lebanon,,The World Bank,http://linked.aub.edu.lb/CODEC/Lebanon/Dataset/social-development-Lebanon,2020
http://dbpedia.org/resource/Lebanon,SL.TLF.ACTI.FE.ZS,3.16E+01,http://linked.aub.edu.lb/CODEC/Lebanon/observation/social-development-Lebanon-SL.TLF.ACTI.FE.ZS-2021,https://data.humdata.org/dataset/world-bank-social-development-indicators-for-lebanon,,The World Bank,http://linked.aub.edu.lb/CODEC/Lebanon/Dataset/social-development-Lebanon,2021
http://dbpedia.org/resource/Lebanon,SL.TLF.ACTI.MA.ZS,7.36E+01,http://linked.aub.edu.lb/CODEC/Lebanon/observation/social-development-Lebanon-SL.TLF.ACTI.MA.ZS-1990,https://data.humdata.org/dataset/world-bank-social-development-indicators-for-lebanon,,The World Bank,http://linked.aub.edu.lb/CODEC/Lebanon/Dataset/social-development-Lebanon,1990
http://dbpedia.org/resource/Lebanon,SL.TLF.ACTI.MA.ZS,7.36E+01,http://linked.aub.edu.lb/CODEC/Lebanon/observation/social-development-Lebanon-SL.TLF.ACTI.MA.ZS-1991,https://data.humdata.org/dataset/world-bank-social-development-indicators-for-lebanon,,The World Bank,http://linked.aub.edu.lb/CODEC/Lebanon/Dataset/social-development-Lebanon,1991
http://dbpedia.org/resource/Lebanon,SL.TLF.ACTI.MA.ZS,7.28E+01,http://linked.aub.edu.lb/CODEC/Lebanon/observation/social-development-Lebanon-SL.TLF.ACTI.MA.ZS-1992,https://data.humdata.org/dataset/world-bank-social-development-indicators-for-lebanon,,The World Bank,http://linked.aub.edu.lb/CODEC/Lebanon/Dataset/social-development-Lebanon,1992
http://dbpedia.org/resource/Lebanon,SL.TLF.ACTI.MA.ZS,7.24E+01,http://linked.aub.edu.lb/CODEC/Lebanon/observation/social-development-Lebanon-SL.TLF.ACTI.MA.ZS-1993,https://data.humdata.org/dataset/world-bank-social-development-indicators-for-lebanon,,The World Bank,http://linked.aub.edu.lb/CODEC/Lebanon/Dataset/social-development-Lebanon,1993
http://dbpedia.org/resource/Lebanon,SL.TLF.ACTI.MA.ZS,7.22E+01,http://linked.aub.edu.lb/CODEC/Lebanon/observation/social-development-Lebanon-SL.TLF.ACTI.MA.ZS-1994,https://data.humdata.org/dataset/world-bank-social-development-indicators-for-lebanon,,The World Bank,http://linked.aub.edu.lb/CODEC/Lebanon/Dataset/social-development-Lebanon,1994
http://dbpedia.org/resource/Lebanon,SL.TLF.ACTI.MA.ZS,7.20E+01,http://linked.aub.edu.lb/CODEC/Lebanon/observation/social-development-Lebanon-SL.TLF.ACTI.MA.ZS-1995,https://data.humdata.org/dataset/world-bank-social-development-indicators-for-lebanon,,The World Bank,http://linked.aub.edu.lb/CODEC/Lebanon/Dataset/social-development-Lebanon,1995
http://dbpedia.org/resource/Lebanon,SL.TLF.ACTI.MA.ZS,7.13E+01,http://linked.aub.edu.lb/CODEC/Lebanon/observation/social-development-Lebanon-SL.TLF.ACTI.MA.ZS-1996,https://data.humdata.org/dataset/world-bank-social-development-indicators-for-lebanon,,The World Bank,http://linked.aub.edu.lb/CODEC/Lebanon/Dataset/social-development-Lebanon,1996
http://dbpedia.org/resource/Lebanon,SL.TLF.ACTI.MA.ZS,7.13E+01,http://linked.aub.edu.lb/CODEC/Lebanon/observation/social-development-Lebanon-SL.TLF.ACTI.MA.ZS-1997,https://data.humdata.org/dataset/world-bank-social-development-indicators-for-lebanon,,The World Bank,http://linked.aub.edu.lb/CODEC/Lebanon/Dataset/social-development-Lebanon,1997
http://dbpedia.org/resource/Lebanon,SL.TLF.ACTI.MA.ZS,7.11E+01,http://linked.aub.edu.lb/CODEC/Lebanon/observation/social-development-Lebanon-SL.TLF.ACTI.MA.ZS-1998,https://data.humdata.org/dataset/world-bank-social-development-indicators-for-lebanon,,The World Bank,http://linked.aub.edu.lb/CODEC/Lebanon/Dataset/social-development-Lebanon,1998
http://dbpedia.org/resource/Lebanon,SL.TLF.ACTI.MA.ZS,7.13E+01,http://linked.aub.edu.lb/CODEC/Lebanon/observation/social-development-Lebanon-SL.TLF.ACTI.MA.ZS-1999,https://data.humdata.org/dataset/world-bank-social-development-indicators-for-lebanon,,The World Bank,http://linked.aub.edu.lb/CODEC/Lebanon/Dataset/social-development-Lebanon,1999
http://dbpedia.org/resource/Lebanon,SL.TLF.ACTI.MA.ZS,7.13E+01,http://linked.aub.edu.lb/CODEC/Lebanon/observation/social-development-Lebanon-SL.TLF.ACTI.MA.ZS-2000,https://data.humdata.org/dataset/world-bank-social-development-indicators-for-lebanon,,The World Bank,http://linked.aub.edu.lb/CODEC/Lebanon/Dataset/social-development-Lebanon,2000
http://dbpedia.org/resource/Lebanon,SL.TLF.ACTI.MA.ZS,7.13E+01,http://linked.aub.edu.lb/CODEC/Lebanon/observation/social-development-Lebanon-SL.TLF.ACTI.MA.ZS-2001,https://data.humdata.org/dataset/world-bank-social-development-indicators-for-lebanon,,The World Bank,http://linked.aub.edu.lb/CODEC/Lebanon/Dataset/social-development-Lebanon,2001
http://dbpedia.org/resource/Lebanon,SL.TLF.ACTI.MA.ZS,7.14E+01,http://linked.aub.edu.lb/CODEC/Lebanon/observation/social-development-Lebanon-SL.TLF.ACTI.MA.ZS-2002,https://data.humdata.org/dataset/world-bank-social-development-indicators-for-lebanon,,The World Bank,http://linked.aub.edu.lb/CODEC/Lebanon/Dataset/social-development-Lebanon,2002
http://dbpedia.org/resource/Lebanon,SL.TLF.ACTI.MA.ZS,7.15E+01,http://linked.aub.edu.lb/CODEC/Lebanon/observation/social-development-Lebanon-SL.TLF.ACTI.MA.ZS-2003,https://data.humdata.org/dataset/world-bank-social-development-indicators-for-lebanon,,The World Bank,http://linked.aub.edu.lb/CODEC/Lebanon/Dataset/social-development-Lebanon,2003
http://dbpedia.org/resource/Lebanon,SL.TLF.ACTI.MA.ZS,7.12E+01,http://linked.aub.edu.lb/CODEC/Lebanon/observation/social-development-Lebanon-SL.TLF.ACTI.MA.ZS-2004,https://data.humdata.org/dataset/world-bank-social-development-indicators-for-lebanon,,The World Bank,http://linked.aub.edu.lb/CODEC/Lebanon/Dataset/social-development-Lebanon,2004
http://dbpedia.org/resource/Lebanon,SL.TLF.ACTI.MA.ZS,7.06E+01,http://linked.aub.edu.lb/CODEC/Lebanon/observation/social-development-Lebanon-SL.TLF.ACTI.MA.ZS-2005,https://data.humdata.org/dataset/world-bank-social-development-indicators-for-lebanon,,The World Bank,http://linked.aub.edu.lb/CODEC/Lebanon/Dataset/social-development-Lebanon,2005
http://dbpedia.org/resource/Lebanon,SL.TLF.ACTI.MA.ZS,6.99E+01,http://linked.aub.edu.lb/CODEC/Lebanon/observation/social-development-Lebanon-SL.TLF.ACTI.MA.ZS-2006,https://data.humdata.org/dataset/world-bank-social-development-indicators-for-lebanon,,The World Bank,http://linked.aub.edu.lb/CODEC/Lebanon/Dataset/social-development-Lebanon,2006
http://dbpedia.org/resource/Lebanon,SL.TLF.ACTI.MA.ZS,6.93E+01,http://linked.aub.edu.lb/CODEC/Lebanon/observation/social-development-Lebanon-SL.TLF.ACTI.MA.ZS-2007,https://data.humdata.org/dataset/world-bank-social-development-indicators-for-lebanon,,The World Bank,http://linked.aub.edu.lb/CODEC/Lebanon/Dataset/social-development-Lebanon,2007
http://dbpedia.org/resource/Lebanon,SL.TLF.ACTI.MA.ZS,6.96E+01,http://linked.aub.edu.lb/CODEC/Lebanon/observation/social-development-Lebanon-SL.TLF.ACTI.MA.ZS-2008,https://data.humdata.org/dataset/world-bank-social-development-indicators-for-lebanon,,The World Bank,http://linked.aub.edu.lb/CODEC/Lebanon/Dataset/social-development-Lebanon,2008
http://dbpedia.org/resource/Lebanon,SL.TLF.ACTI.MA.ZS,6.99E+01,http://linked.aub.edu.lb/CODEC/Lebanon/observation/social-development-Lebanon-SL.TLF.ACTI.MA.ZS-2009,https://data.humdata.org/dataset/world-bank-social-development-indicators-for-lebanon,,The World Bank,http://linked.aub.edu.lb/CODEC/Lebanon/Dataset/social-development-Lebanon,2009
http://dbpedia.org/resource/Lebanon,SL.TLF.ACTI.MA.ZS,7.02E+01,http://linked.aub.edu.lb/CODEC/Lebanon/observation/social-development-Lebanon-SL.TLF.ACTI.MA.ZS-2010,https://data.humdata.org/dataset/world-bank-social-development-indicators-for-lebanon,,The World Bank,http://linked.aub.edu.lb/CODEC/Lebanon/Dataset/social-development-Lebanon,2010
http://dbpedia.org/resource/Lebanon,SL.TLF.ACTI.MA.ZS,7.05E+01,http://linked.aub.edu.lb/CODEC/Lebanon/observation/social-development-Lebanon-SL.TLF.ACTI.MA.ZS-2011,https://data.humdata.org/dataset/world-bank-social-development-indicators-for-lebanon,,The World Bank,http://linked.aub.edu.lb/CODEC/Lebanon/Dataset/social-development-Lebanon,2011
http://dbpedia.org/resource/Lebanon,SL.TLF.ACTI.MA.ZS,7.08E+01,http://linked.aub.edu.lb/CODEC/Lebanon/observation/social-development-Lebanon-SL.TLF.ACTI.MA.ZS-2012,https://data.humdata.org/dataset/world-bank-social-development-indicators-for-lebanon,,The World Bank,http://linked.aub.edu.lb/CODEC/Lebanon/Dataset/social-development-Lebanon,2012
http://dbpedia.org/resource/Lebanon,SL.TLF.ACTI.MA.ZS,7.12E+01,http://linked.aub.edu.lb/CODEC/Lebanon/observation/social-development-Lebanon-SL.TLF.ACTI.MA.ZS-2013,https://data.humdata.org/dataset/world-bank-social-development-indicators-for-lebanon,,The World Bank,http://linked.aub.edu.lb/CODEC/Lebanon/Dataset/social-development-Lebanon,2013
http://dbpedia.org/resource/Lebanon,SL.TLF.ACTI.MA.ZS,7.15E+01,http://linked.aub.edu.lb/CODEC/Lebanon/observation/social-development-Lebanon-SL.TLF.ACTI.MA.ZS-2014,https://data.humdata.org/dataset/world-bank-social-development-indicators-for-lebanon,,The World Bank,http://linked.aub.edu.lb/CODEC/Lebanon/Dataset/social-development-Lebanon,2014
http://dbpedia.org/resource/Lebanon,SL.TLF.ACTI.MA.ZS,7.22E+01,http://linked.aub.edu.lb/CODEC/Lebanon/observation/social-development-Lebanon-SL.TLF.ACTI.MA.ZS-2015,https://data.humdata.org/dataset/world-bank-social-development-indicators-for-lebanon,,The World Bank,http://linked.aub.edu.lb/CODEC/Lebanon/Dataset/social-development-Lebanon,2015
http://dbpedia.org/resource/Lebanon,SL.TLF.ACTI.MA.ZS,7.31E+01,http://linked.aub.edu.lb/CODEC/Lebanon/observation/social-development-Lebanon-SL.TLF.ACTI.MA.ZS-2016,https://data.humdata.org/dataset/world-bank-social-development-indicators-for-lebanon,,The World Bank,http://linked.aub.edu.lb/CODEC/Lebanon/Dataset/social-development-Lebanon,2016
http://dbpedia.org/resource/Lebanon,SL.TLF.ACTI.MA.ZS,7.41E+01,http://linked.aub.edu.lb/CODEC/Lebanon/observation/social-development-Lebanon-SL.TLF.ACTI.MA.ZS-2017,https://data.humdata.org/dataset/world-bank-social-development-indicators-for-lebanon,,The World Bank,http://linked.aub.edu.lb/CODEC/Lebanon/Dataset/social-development-Lebanon,2017
http://dbpedia.org/resource/Lebanon,SL.TLF.ACTI.MA.ZS,7.51E+01,http://linked.aub.edu.lb/CODEC/Lebanon/observation/social-development-Lebanon-SL.TLF.ACTI.MA.ZS-2018,https://data.humdata.org/dataset/world-bank-social-development-indicators-for-lebanon,,The World Bank,http://linked.aub.edu.lb/CODEC/Lebanon/Dataset/social-development-Lebanon,2018
http://dbpedia.org/resource/Lebanon,SL.TLF.ACTI.MA.ZS,7.61E+01,http://linked.aub.edu.lb/CODEC/Lebanon/observation/social-development-Lebanon-SL.TLF.ACTI.MA.ZS-2019,https://data.humdata.org/dataset/world-bank-social-development-indicators-for-lebanon,,The World Bank,http://linked.aub.edu.lb/CODEC/Lebanon/Dataset/social-development-Lebanon,2019
http://dbpedia.org/resource/Lebanon,SL.TLF.ACTI.MA.ZS,7.00E+01,http://linked.aub.edu.lb/CODEC/Lebanon/observation/social-development-Lebanon-SL.TLF.ACTI.MA.ZS-2020,https://data.humdata.org/dataset/world-bank-social-development-indicators-for-lebanon,,The World Bank,http://linked.aub.edu.lb/CODEC/Lebanon/Dataset/social-development-Lebanon,2020
http://dbpedia.org/resource/Lebanon,SL.TLF.ACTI.MA.ZS,7.17E+01,http://linked.aub.edu.lb/CODEC/Lebanon/observation/social-development-Lebanon-SL.TLF.ACTI.MA.ZS-2021,https://data.humdata.org/dataset/world-bank-social-development-indicators-for-lebanon,,The World Bank,http://linked.aub.edu.lb/CODEC/Lebanon/Dataset/social-development-Lebanon,2021
http://dbpedia.org/resource/Lebanon,SL.TLF.ACTI.ZS,4.59E+01,http://linked.aub.edu.lb/CODEC/Lebanon/observation/social-development-Lebanon-SL.TLF.ACTI.ZS-1990,https://data.humdata.org/dataset/world-bank-social-development-indicators-for-lebanon,,The World Bank,http://linked.aub.edu.lb/CODEC/Lebanon/Dataset/social-development-Lebanon,1990
http://dbpedia.org/resource/Lebanon,SL.TLF.ACTI.ZS,4.61E+01,http://linked.aub.edu.lb/CODEC/Lebanon/observation/social-development-Lebanon-SL.TLF.ACTI.ZS-1991,https://data.humdata.org/dataset/world-bank-social-development-indicators-for-lebanon,,The World Bank,http://linked.aub.edu.lb/CODEC/Lebanon/Dataset/social-development-Lebanon,1991
http://dbpedia.org/resource/Lebanon,SL.TLF.ACTI.ZS,4.59E+01,http://linked.aub.edu.lb/CODEC/Lebanon/observation/social-development-Lebanon-SL.TLF.ACTI.ZS-1992,https://data.humdata.org/dataset/world-bank-social-development-indicators-for-lebanon,,The World Bank,http://linked.aub.edu.lb/CODEC/Lebanon/Dataset/social-development-Lebanon,1992
http://dbpedia.org/resource/Lebanon,SL.TLF.ACTI.ZS,4.59E+01,http://linked.aub.edu.lb/CODEC/Lebanon/observation/social-development-Lebanon-SL.TLF.ACTI.ZS-1993,https://data.humdata.org/dataset/world-bank-social-development-indicators-for-lebanon,,The World Bank,http://linked.aub.edu.lb/CODEC/Lebanon/Dataset/social-development-Lebanon,1993
http://dbpedia.org/resource/Lebanon,SL.TLF.ACTI.ZS,4.60E+01,http://linked.aub.edu.lb/CODEC/Lebanon/observation/social-development-Lebanon-SL.TLF.ACTI.ZS-1994,https://data.humdata.org/dataset/world-bank-social-development-indicators-for-lebanon,,The World Bank,http://linked.aub.edu.lb/CODEC/Lebanon/Dataset/social-development-Lebanon,1994
http://dbpedia.org/resource/Lebanon,SL.TLF.ACTI.ZS,4.61E+01,http://linked.aub.edu.lb/CODEC/Lebanon/observation/social-development-Lebanon-SL.TLF.ACTI.ZS-1995,https://data.humdata.org/dataset/world-bank-social-development-indicators-for-lebanon,,The World Bank,http://linked.aub.edu.lb/CODEC/Lebanon/Dataset/social-development-Lebanon,1995
http://dbpedia.org/resource/Lebanon,SL.TLF.ACTI.ZS,4.58E+01,http://linked.aub.edu.lb/CODEC/Lebanon/observation/social-development-Lebanon-SL.TLF.ACTI.ZS-1996,https://data.humdata.org/dataset/world-bank-social-development-indicators-for-lebanon,,The World Bank,http://linked.aub.edu.lb/CODEC/Lebanon/Dataset/social-development-Lebanon,1996
http://dbpedia.org/resource/Lebanon,SL.TLF.ACTI.ZS,4.59E+01,http://linked.aub.edu.lb/CODEC/Lebanon/observation/social-development-Lebanon-SL.TLF.ACTI.ZS-1997,https://data.humdata.org/dataset/world-bank-social-development-indicators-for-lebanon,,The World Bank,http://linked.aub.edu.lb/CODEC/Lebanon/Dataset/social-development-Lebanon,1997
http://dbpedia.org/resource/Lebanon,SL.TLF.ACTI.ZS,4.59E+01,http://linked.aub.edu.lb/CODEC/Lebanon/observation/social-development-Lebanon-SL.TLF.ACTI.ZS-1998,https://data.humdata.org/dataset/world-bank-social-development-indicators-for-lebanon,,The World Bank,http://linked.aub.edu.lb/CODEC/Lebanon/Dataset/social-development-Lebanon,1998
http://dbpedia.org/resource/Lebanon,SL.TLF.ACTI.ZS,4.61E+01,http://linked.aub.edu.lb/CODEC/Lebanon/observation/social-development-Lebanon-SL.TLF.ACTI.ZS-1999,https://data.humdata.org/dataset/world-bank-social-development-indicators-for-lebanon,,The World Bank,http://linked.aub.edu.lb/CODEC/Lebanon/Dataset/social-development-Lebanon,1999
http://dbpedia.org/resource/Lebanon,SL.TLF.ACTI.ZS,4.62E+01,http://linked.aub.edu.lb/CODEC/Lebanon/observation/social-development-Lebanon-SL.TLF.ACTI.ZS-2000,https://data.humdata.org/dataset/world-bank-social-development-indicators-for-lebanon,,The World Bank,http://linked.aub.edu.lb/CODEC/Lebanon/Dataset/social-development-Lebanon,2000
http://dbpedia.org/resource/Lebanon,SL.TLF.ACTI.ZS,4.62E+01,http://linked.aub.edu.lb/CODEC/Lebanon/observation/social-development-Lebanon-SL.TLF.ACTI.ZS-2001,https://data.humdata.org/dataset/world-bank-social-development-indicators-for-lebanon,,The World Bank,http://linked.aub.edu.lb/CODEC/Lebanon/Dataset/social-development-Lebanon,2001
http://dbpedia.org/resource/Lebanon,SL.TLF.ACTI.ZS,4.63E+01,http://linked.aub.edu.lb/CODEC/Lebanon/observation/social-development-Lebanon-SL.TLF.ACTI.ZS-2002,https://data.humdata.org/dataset/world-bank-social-development-indicators-for-lebanon,,The World Bank,http://linked.aub.edu.lb/CODEC/Lebanon/Dataset/social-development-Lebanon,2002
http://dbpedia.org/resource/Lebanon,SL.TLF.ACTI.ZS,4.64E+01,http://linked.aub.edu.lb/CODEC/Lebanon/observation/social-development-Lebanon-SL.TLF.ACTI.ZS-2003,https://data.humdata.org/dataset/world-bank-social-development-indicators-for-lebanon,,The World Bank,http://linked.aub.edu.lb/CODEC/Lebanon/Dataset/social-development-Lebanon,2003
http://dbpedia.org/resource/Lebanon,SL.TLF.ACTI.ZS,4.64E+01,http://linked.aub.edu.lb/CODEC/Lebanon/observation/social-development-Lebanon-SL.TLF.ACTI.ZS-2004,https://data.humdata.org/dataset/world-bank-social-development-indicators-for-lebanon,,The World Bank,http://linked.aub.edu.lb/CODEC/Lebanon/Dataset/social-development-Lebanon,2004
http://dbpedia.org/resource/Lebanon,SL.TLF.ACTI.ZS,4.63E+01,http://linked.aub.edu.lb/CODEC/Lebanon/observation/social-development-Lebanon-SL.TLF.ACTI.ZS-2005,https://data.humdata.org/dataset/world-bank-social-development-indicators-for-lebanon,,The World Bank,http://linked.aub.edu.lb/CODEC/Lebanon/Dataset/social-development-Lebanon,2005
http://dbpedia.org/resource/Lebanon,SL.TLF.ACTI.ZS,4.61E+01,http://linked.aub.edu.lb/CODEC/Lebanon/observation/social-development-Lebanon-SL.TLF.ACTI.ZS-2006,https://data.humdata.org/dataset/world-bank-social-development-indicators-for-lebanon,,The World Bank,http://linked.aub.edu.lb/CODEC/Lebanon/Dataset/social-development-Lebanon,2006
http://dbpedia.org/resource/Lebanon,SL.TLF.ACTI.ZS,4.60E+01,http://linked.aub.edu.lb/CODEC/Lebanon/observation/social-development-Lebanon-SL.TLF.ACTI.ZS-2007,https://data.humdata.org/dataset/world-bank-social-development-indicators-for-lebanon,,The World Bank,http://linked.aub.edu.lb/CODEC/Lebanon/Dataset/social-development-Lebanon,2007
http://dbpedia.org/resource/Lebanon,SL.TLF.ACTI.ZS,4.65E+01,http://linked.aub.edu.lb/CODEC/Lebanon/observation/social-development-Lebanon-SL.TLF.ACTI.ZS-2008,https://data.humdata.org/dataset/world-bank-social-development-indicators-for-lebanon,,The World Bank,http://linked.aub.edu.lb/CODEC/Lebanon/Dataset/social-development-Lebanon,2008
http://dbpedia.org/resource/Lebanon,SL.TLF.ACTI.ZS,4.70E+01,http://linked.aub.edu.lb/CODEC/Lebanon/observation/social-development-Lebanon-SL.TLF.ACTI.ZS-2009,https://data.humdata.org/dataset/world-bank-social-development-indicators-for-lebanon,,The World Bank,http://linked.aub.edu.lb/CODEC/Lebanon/Dataset/social-development-Lebanon,2009
http://dbpedia.org/resource/Lebanon,SL.TLF.ACTI.ZS,4.75E+01,http://linked.aub.edu.lb/CODEC/Lebanon/observation/social-development-Lebanon-SL.TLF.ACTI.ZS-2010,https://data.humdata.org/dataset/world-bank-social-development-indicators-for-lebanon,,The World Bank,http://linked.aub.edu.lb/CODEC/Lebanon/Dataset/social-development-Lebanon,2010
http://dbpedia.org/resource/Lebanon,SL.TLF.ACTI.ZS,4.81E+01,http://linked.aub.edu.lb/CODEC/Lebanon/observation/social-development-Lebanon-SL.TLF.ACTI.ZS-2011,https://data.humdata.org/dataset/world-bank-social-development-indicators-for-lebanon,,The World Bank,http://linked.aub.edu.lb/CODEC/Lebanon/Dataset/social-development-Lebanon,2011
http://dbpedia.org/resource/Lebanon,SL.TLF.ACTI.ZS,4.86E+01,http://linked.aub.edu.lb/CODEC/Lebanon/observation/social-development-Lebanon-SL.TLF.ACTI.ZS-2012,https://data.humdata.org/dataset/world-bank-social-development-indicators-for-lebanon,,The World Bank,http://linked.aub.edu.lb/CODEC/Lebanon/Dataset/social-development-Lebanon,2012
http://dbpedia.org/resource/Lebanon,SL.TLF.ACTI.ZS,4.92E+01,http://linked.aub.edu.lb/CODEC/Lebanon/observation/social-development-Lebanon-SL.TLF.ACTI.ZS-2013,https://data.humdata.org/dataset/world-bank-social-development-indicators-for-lebanon,,The World Bank,http://linked.aub.edu.lb/CODEC/Lebanon/Dataset/social-development-Lebanon,2013
http://dbpedia.org/resource/Lebanon,SL.TLF.ACTI.ZS,4.98E+01,http://linked.aub.edu.lb/CODEC/Lebanon/observation/social-development-Lebanon-SL.TLF.ACTI.ZS-2014,https://data.humdata.org/dataset/world-bank-social-development-indicators-for-lebanon,,The World Bank,http://linked.aub.edu.lb/CODEC/Lebanon/Dataset/social-development-Lebanon,2014
http://dbpedia.org/resource/Lebanon,SL.TLF.ACTI.ZS,5.05E+01,http://linked.aub.edu.lb/CODEC/Lebanon/observation/social-development-Lebanon-SL.TLF.ACTI.ZS-2015,https://data.humdata.org/dataset/world-bank-social-development-indicators-for-lebanon,,The World Bank,http://linked.aub.edu.lb/CODEC/Lebanon/Dataset/social-development-Lebanon,2015
http://dbpedia.org/resource/Lebanon,SL.TLF.ACTI.ZS,5.13E+01,http://linked.aub.edu.lb/CODEC/Lebanon/observation/social-development-Lebanon-SL.TLF.ACTI.ZS-2016,https://data.humdata.org/dataset/world-bank-social-development-indicators-for-lebanon,,The World Bank,http://linked.aub.edu.lb/CODEC/Lebanon/Dataset/social-development-Lebanon,2016
http://dbpedia.org/resource/Lebanon,SL.TLF.ACTI.ZS,5.22E+01,http://linked.aub.edu.lb/CODEC/Lebanon/observation/social-development-Lebanon-SL.TLF.ACTI.ZS-2017,https://data.humdata.org/dataset/world-bank-social-development-indicators-for-lebanon,,The World Bank,http://linked.aub.edu.lb/CODEC/Lebanon/Dataset/social-development-Lebanon,2017
http://dbpedia.org/resource/Lebanon,SL.TLF.ACTI.ZS,5.30E+01,http://linked.aub.edu.lb/CODEC/Lebanon/observation/social-development-Lebanon-SL.TLF.ACTI.ZS-2018,https://data.humdata.org/dataset/world-bank-social-development-indicators-for-lebanon,,The World Bank,http://linked.aub.edu.lb/CODEC/Lebanon/Dataset/social-development-Lebanon,2018
http://dbpedia.org/resource/Lebanon,SL.TLF.ACTI.ZS,5.38E+01,http://linked.aub.edu.lb/CODEC/Lebanon/observation/social-development-Lebanon-SL.TLF.ACTI.ZS-2019,https://data.humdata.org/dataset/world-bank-social-development-indicators-for-lebanon,,The World Bank,http://linked.aub.edu.lb/CODEC/Lebanon/Dataset/social-development-Lebanon,2019
http://dbpedia.org/resource/Lebanon,SL.TLF.ACTI.ZS,4.93E+01,http://linked.aub.edu.lb/CODEC/Lebanon/observation/social-development-Lebanon-SL.TLF.ACTI.ZS-2020,https://data.humdata.org/dataset/world-bank-social-development-indicators-for-lebanon,,The World Bank,http://linked.aub.edu.lb/CODEC/Lebanon/Dataset/social-development-Lebanon,2020
http://dbpedia.org/resource/Lebanon,SL.TLF.ACTI.ZS,5.09E+01,http://linked.aub.edu.lb/CODEC/Lebanon/observation/social-development-Lebanon-SL.TLF.ACTI.ZS-2021,https://data.humdata.org/dataset/world-bank-social-development-indicators-for-lebanon,,The World Bank,http://linked.aub.edu.lb/CODEC/Lebanon/Dataset/social-development-Lebanon,2021
http://dbpedia.org/resource/Lebanon,SL.TLF.CACT.FE.ZS,1.88E+01,http://linked.aub.edu.lb/CODEC/Lebanon/observation/social-development-Lebanon-SL.TLF.CACT.FE.ZS-1990,https://data.humdata.org/dataset/world-bank-social-development-indicators-for-lebanon,,The World Bank,http://linked.aub.edu.lb/CODEC/Lebanon/Dataset/social-development-Lebanon,1990
http://dbpedia.org/resource/Lebanon,SL.TLF.CACT.FE.ZS,1.91E+01,http://linked.aub.edu.lb/CODEC/Lebanon/observation/social-development-Lebanon-SL.TLF.CACT.FE.ZS-1991,https://data.humdata.org/dataset/world-bank-social-development-indicators-for-lebanon,,The World Bank,http://linked.aub.edu.lb/CODEC/Lebanon/Dataset/social-development-Lebanon,1991
http://dbpedia.org/resource/Lebanon,SL.TLF.CACT.FE.ZS,1.93E+01,http://linked.aub.edu.lb/CODEC/Lebanon/observation/social-development-Lebanon-SL.TLF.CACT.FE.ZS-1992,https://data.humdata.org/dataset/world-bank-social-development-indicators-for-lebanon,,The World Bank,http://linked.aub.edu.lb/CODEC/Lebanon/Dataset/social-development-Lebanon,1992
http://dbpedia.org/resource/Lebanon,SL.TLF.CACT.FE.ZS,1.96E+01,http://linked.aub.edu.lb/CODEC/Lebanon/observation/social-development-Lebanon-SL.TLF.CACT.FE.ZS-1993,https://data.humdata.org/dataset/world-bank-social-development-indicators-for-lebanon,,The World Bank,http://linked.aub.edu.lb/CODEC/Lebanon/Dataset/social-development-Lebanon,1993
http://dbpedia.org/resource/Lebanon,SL.TLF.CACT.FE.ZS,1.98E+01,http://linked.aub.edu.lb/CODEC/Lebanon/observation/social-development-Lebanon-SL.TLF.CACT.FE.ZS-1994,https://data.humdata.org/dataset/world-bank-social-development-indicators-for-lebanon,,The World Bank,http://linked.aub.edu.lb/CODEC/Lebanon/Dataset/social-development-Lebanon,1994
http://dbpedia.org/resource/Lebanon,SL.TLF.CACT.FE.ZS,2.00E+01,http://linked.aub.edu.lb/CODEC/Lebanon/observation/social-development-Lebanon-SL.TLF.CACT.FE.ZS-1995,https://data.humdata.org/dataset/world-bank-social-development-indicators-for-lebanon,,The World Bank,http://linked.aub.edu.lb/CODEC/Lebanon/Dataset/social-development-Lebanon,1995
http://dbpedia.org/resource/Lebanon,SL.TLF.CACT.FE.ZS,2.00E+01,http://linked.aub.edu.lb/CODEC/Lebanon/observation/social-development-Lebanon-SL.TLF.CACT.FE.ZS-1996,https://data.humdata.org/dataset/world-bank-social-development-indicators-for-lebanon,,The World Bank,http://linked.aub.edu.lb/CODEC/Lebanon/Dataset/social-development-Lebanon,1996
http://dbpedia.org/resource/Lebanon,SL.TLF.CACT.FE.ZS,2.01E+01,http://linked.aub.edu.lb/CODEC/Lebanon/observation/social-development-Lebanon-SL.TLF.CACT.FE.ZS-1997,https://data.humdata.org/dataset/world-bank-social-development-indicators-for-lebanon,,The World Bank,http://linked.aub.edu.lb/CODEC/Lebanon/Dataset/social-development-Lebanon,1997
http://dbpedia.org/resource/Lebanon,SL.TLF.CACT.FE.ZS,2.01E+01,http://linked.aub.edu.lb/CODEC/Lebanon/observation/social-development-Lebanon-SL.TLF.CACT.FE.ZS-1998,https://data.humdata.org/dataset/world-bank-social-development-indicators-for-lebanon,,The World Bank,http://linked.aub.edu.lb/CODEC/Lebanon/Dataset/social-development-Lebanon,1998
http://dbpedia.org/resource/Lebanon,SL.TLF.CACT.FE.ZS,2.02E+01,http://linked.aub.edu.lb/CODEC/Lebanon/observation/social-development-Lebanon-SL.TLF.CACT.FE.ZS-1999,https://data.humdata.org/dataset/world-bank-social-development-indicators-for-lebanon,,The World Bank,http://linked.aub.edu.lb/CODEC/Lebanon/Dataset/social-development-Lebanon,1999
http://dbpedia.org/resource/Lebanon,SL.TLF.CACT.FE.ZS,2.03E+01,http://linked.aub.edu.lb/CODEC/Lebanon/observation/social-development-Lebanon-SL.TLF.CACT.FE.ZS-2000,https://data.humdata.org/dataset/world-bank-social-development-indicators-for-lebanon,,The World Bank,http://linked.aub.edu.lb/CODEC/Lebanon/Dataset/social-development-Lebanon,2000
http://dbpedia.org/resource/Lebanon,SL.TLF.CACT.FE.ZS,2.03E+01,http://linked.aub.edu.lb/CODEC/Lebanon/observation/social-development-Lebanon-SL.TLF.CACT.FE.ZS-2001,https://data.humdata.org/dataset/world-bank-social-development-indicators-for-lebanon,,The World Bank,http://linked.aub.edu.lb/CODEC/Lebanon/Dataset/social-development-Lebanon,2001
http://dbpedia.org/resource/Lebanon,SL.TLF.CACT.FE.ZS,2.02E+01,http://linked.aub.edu.lb/CODEC/Lebanon/observation/social-development-Lebanon-SL.TLF.CACT.FE.ZS-2002,https://data.humdata.org/dataset/world-bank-social-development-indicators-for-lebanon,,The World Bank,http://linked.aub.edu.lb/CODEC/Lebanon/Dataset/social-development-Lebanon,2002
http://dbpedia.org/resource/Lebanon,SL.TLF.CACT.FE.ZS,2.03E+01,http://linked.aub.edu.lb/CODEC/Lebanon/observation/social-development-Lebanon-SL.TLF.CACT.FE.ZS-2003,https://data.humdata.org/dataset/world-bank-social-development-indicators-for-lebanon,,The World Bank,http://linked.aub.edu.lb/CODEC/Lebanon/Dataset/social-development-Lebanon,2003
http://dbpedia.org/resource/Lebanon,SL.TLF.CACT.FE.ZS,2.03E+01,http://linked.aub.edu.lb/CODEC/Lebanon/observation/social-development-Lebanon-SL.TLF.CACT.FE.ZS-2004,https://data.humdata.org/dataset/world-bank-social-development-indicators-for-lebanon,,The World Bank,http://linked.aub.edu.lb/CODEC/Lebanon/Dataset/social-development-Lebanon,2004
http://dbpedia.org/resource/Lebanon,SL.TLF.CACT.FE.ZS,2.06E+01,http://linked.aub.edu.lb/CODEC/Lebanon/observation/social-development-Lebanon-SL.TLF.CACT.FE.ZS-2005,https://data.humdata.org/dataset/world-bank-social-development-indicators-for-lebanon,,The World Bank,http://linked.aub.edu.lb/CODEC/Lebanon/Dataset/social-development-Lebanon,2005
http://dbpedia.org/resource/Lebanon,SL.TLF.CACT.FE.ZS,2.08E+01,http://linked.aub.edu.lb/CODEC/Lebanon/observation/social-development-Lebanon-SL.TLF.CACT.FE.ZS-2006,https://data.humdata.org/dataset/world-bank-social-development-indicators-for-lebanon,,The World Bank,http://linked.aub.edu.lb/CODEC/Lebanon/Dataset/social-development-Lebanon,2006
http://dbpedia.org/resource/Lebanon,SL.TLF.CACT.FE.ZS,2.10E+01,http://linked.aub.edu.lb/CODEC/Lebanon/observation/social-development-Lebanon-SL.TLF.CACT.FE.ZS-2007,https://data.humdata.org/dataset/world-bank-social-development-indicators-for-lebanon,,The World Bank,http://linked.aub.edu.lb/CODEC/Lebanon/Dataset/social-development-Lebanon,2007
http://dbpedia.org/resource/Lebanon,SL.TLF.CACT.FE.ZS,2.16E+01,http://linked.aub.edu.lb/CODEC/Lebanon/observation/social-development-Lebanon-SL.TLF.CACT.FE.ZS-2008,https://data.humdata.org/dataset/world-bank-social-development-indicators-for-lebanon,,The World Bank,http://linked.aub.edu.lb/CODEC/Lebanon/Dataset/social-development-Lebanon,2008
http://dbpedia.org/resource/Lebanon,SL.TLF.CACT.FE.ZS,2.22E+01,http://linked.aub.edu.lb/CODEC/Lebanon/observation/social-development-Lebanon-SL.TLF.CACT.FE.ZS-2009,https://data.humdata.org/dataset/world-bank-social-development-indicators-for-lebanon,,The World Bank,http://linked.aub.edu.lb/CODEC/Lebanon/Dataset/social-development-Lebanon,2009
http://dbpedia.org/resource/Lebanon,SL.TLF.CACT.FE.ZS,2.29E+01,http://linked.aub.edu.lb/CODEC/Lebanon/observation/social-development-Lebanon-SL.TLF.CACT.FE.ZS-2010,https://data.humdata.org/dataset/world-bank-social-development-indicators-for-lebanon,,The World Bank,http://linked.aub.edu.lb/CODEC/Lebanon/Dataset/social-development-Lebanon,2010
http://dbpedia.org/resource/Lebanon,SL.TLF.CACT.FE.ZS,2.35E+01,http://linked.aub.edu.lb/CODEC/Lebanon/observation/social-development-Lebanon-SL.TLF.CACT.FE.ZS-2011,https://data.humdata.org/dataset/world-bank-social-development-indicators-for-lebanon,,The World Bank,http://linked.aub.edu.lb/CODEC/Lebanon/Dataset/social-development-Lebanon,2011
http://dbpedia.org/resource/Lebanon,SL.TLF.CACT.FE.ZS,2.41E+01,http://linked.aub.edu.lb/CODEC/Lebanon/observation/social-development-Lebanon-SL.TLF.CACT.FE.ZS-2012,https://data.humdata.org/dataset/world-bank-social-development-indicators-for-lebanon,,The World Bank,http://linked.aub.edu.lb/CODEC/Lebanon/Dataset/social-development-Lebanon,2012
http://dbpedia.org/resource/Lebanon,SL.TLF.CACT.FE.ZS,2.48E+01,http://linked.aub.edu.lb/CODEC/Lebanon/observation/social-development-Lebanon-SL.TLF.CACT.FE.ZS-2013,https://data.humdata.org/dataset/world-bank-social-development-indicators-for-lebanon,,The World Bank,http://linked.aub.edu.lb/CODEC/Lebanon/Dataset/social-development-Lebanon,2013
http://dbpedia.org/resource/Lebanon,SL.TLF.CACT.FE.ZS,2.54E+01,http://linked.aub.edu.lb/CODEC/Lebanon/observation/social-development-Lebanon-SL.TLF.CACT.FE.ZS-2014,https://data.humdata.org/dataset/world-bank-social-development-indicators-for-lebanon,,The World Bank,http://linked.aub.edu.lb/CODEC/Lebanon/Dataset/social-development-Lebanon,2014
http://dbpedia.org/resource/Lebanon,SL.TLF.CACT.FE.ZS,2.61E+01,http://linked.aub.edu.lb/CODEC/Lebanon/observation/social-development-Lebanon-SL.TLF.CACT.FE.ZS-2015,https://data.humdata.org/dataset/world-bank-social-development-indicators-for-lebanon,,The World Bank,http://linked.aub.edu.lb/CODEC/Lebanon/Dataset/social-development-Lebanon,2015
http://dbpedia.org/resource/Lebanon,SL.TLF.CACT.FE.ZS,2.69E+01,http://linked.aub.edu.lb/CODEC/Lebanon/observation/social-development-Lebanon-SL.TLF.CACT.FE.ZS-2016,https://data.humdata.org/dataset/world-bank-social-development-indicators-for-lebanon,,The World Bank,http://linked.aub.edu.lb/CODEC/Lebanon/Dataset/social-development-Lebanon,2016
http://dbpedia.org/resource/Lebanon,SL.TLF.CACT.FE.ZS,2.77E+01,http://linked.aub.edu.lb/CODEC/Lebanon/observation/social-development-Lebanon-SL.TLF.CACT.FE.ZS-2017,https://data.humdata.org/dataset/world-bank-social-development-indicators-for-lebanon,,The World Bank,http://linked.aub.edu.lb/CODEC/Lebanon/Dataset/social-development-Lebanon,2017
http://dbpedia.org/resource/Lebanon,SL.TLF.CACT.FE.ZS,2.85E+01,http://linked.aub.edu.lb/CODEC/Lebanon/observation/social-development-Lebanon-SL.TLF.CACT.FE.ZS-2018,https://data.humdata.org/dataset/world-bank-social-development-indicators-for-lebanon,,The World Bank,http://linked.aub.edu.lb/CODEC/Lebanon/Dataset/social-development-Lebanon,2018
http://dbpedia.org/resource/Lebanon,SL.TLF.CACT.FE.ZS,2.93E+01,http://linked.aub.edu.lb/CODEC/Lebanon/observation/social-development-Lebanon-SL.TLF.CACT.FE.ZS-2019,https://data.humdata.org/dataset/world-bank-social-development-indicators-for-lebanon,,The World Bank,http://linked.aub.edu.lb/CODEC/Lebanon/Dataset/social-development-Lebanon,2019
http://dbpedia.org/resource/Lebanon,SL.TLF.CACT.FE.ZS,2.66E+01,http://linked.aub.edu.lb/CODEC/Lebanon/observation/social-development-Lebanon-SL.TLF.CACT.FE.ZS-2020,https://data.humdata.org/dataset/world-bank-social-development-indicators-for-lebanon,,The World Bank,http://linked.aub.edu.lb/CODEC/Lebanon/Dataset/social-development-Lebanon,2020
http://dbpedia.org/resource/Lebanon,SL.TLF.CACT.FE.ZS,2.78E+01,http://linked.aub.edu.lb/CODEC/Lebanon/observation/social-development-Lebanon-SL.TLF.CACT.FE.ZS-2021,https://data.humdata.org/dataset/world-bank-social-development-indicators-for-lebanon,,The World Bank,http://linked.aub.edu.lb/CODEC/Lebanon/Dataset/social-development-Lebanon,2021
http://dbpedia.org/resource/Lebanon,SL.TLF.CACT.FE.ZS,2.87E+01,http://linked.aub.edu.lb/CODEC/Lebanon/observation/social-development-Lebanon-SL.TLF.CACT.FE.ZS-2022,https://data.humdata.org/dataset/world-bank-social-development-indicators-for-lebanon,,The World Bank,http://linked.aub.edu.lb/CODEC/Lebanon/Dataset/social-development-Lebanon,2022
http://dbpedia.org/resource/Lebanon,SL.TLF.CACT.MA.ZS,7.21E+01,http://linked.aub.edu.lb/CODEC/Lebanon/observation/social-development-Lebanon-SL.TLF.CACT.MA.ZS-1990,https://data.humdata.org/dataset/world-bank-social-development-indicators-for-lebanon,,The World Bank,http://linked.aub.edu.lb/CODEC/Lebanon/Dataset/social-development-Lebanon,1990
http://dbpedia.org/resource/Lebanon,SL.TLF.CACT.MA.ZS,7.20E+01,http://linked.aub.edu.lb/CODEC/Lebanon/observation/social-development-Lebanon-SL.TLF.CACT.MA.ZS-1991,https://data.humdata.org/dataset/world-bank-social-development-indicators-for-lebanon,,The World Bank,http://linked.aub.edu.lb/CODEC/Lebanon/Dataset/social-development-Lebanon,1991
http://dbpedia.org/resource/Lebanon,SL.TLF.CACT.MA.ZS,7.09E+01,http://linked.aub.edu.lb/CODEC/Lebanon/observation/social-development-Lebanon-SL.TLF.CACT.MA.ZS-1992,https://data.humdata.org/dataset/world-bank-social-development-indicators-for-lebanon,,The World Bank,http://linked.aub.edu.lb/CODEC/Lebanon/Dataset/social-development-Lebanon,1992
http://dbpedia.org/resource/Lebanon,SL.TLF.CACT.MA.ZS,7.04E+01,http://linked.aub.edu.lb/CODEC/Lebanon/observation/social-development-Lebanon-SL.TLF.CACT.MA.ZS-1993,https://data.humdata.org/dataset/world-bank-social-development-indicators-for-lebanon,,The World Bank,http://linked.aub.edu.lb/CODEC/Lebanon/Dataset/social-development-Lebanon,1993
http://dbpedia.org/resource/Lebanon,SL.TLF.CACT.MA.ZS,7.01E+01,http://linked.aub.edu.lb/CODEC/Lebanon/observation/social-development-Lebanon-SL.TLF.CACT.MA.ZS-1994,https://data.humdata.org/dataset/world-bank-social-development-indicators-for-lebanon,,The World Bank,http://linked.aub.edu.lb/CODEC/Lebanon/Dataset/social-development-Lebanon,1994
http://dbpedia.org/resource/Lebanon,SL.TLF.CACT.MA.ZS,6.98E+01,http://linked.aub.edu.lb/CODEC/Lebanon/observation/social-development-Lebanon-SL.TLF.CACT.MA.ZS-1995,https://data.humdata.org/dataset/world-bank-social-development-indicators-for-lebanon,,The World Bank,http://linked.aub.edu.lb/CODEC/Lebanon/Dataset/social-development-Lebanon,1995
http://dbpedia.org/resource/Lebanon,SL.TLF.CACT.MA.ZS,6.89E+01,http://linked.aub.edu.lb/CODEC/Lebanon/observation/social-development-Lebanon-SL.TLF.CACT.MA.ZS-1996,https://data.humdata.org/dataset/world-bank-social-development-indicators-for-lebanon,,The World Bank,http://linked.aub.edu.lb/CODEC/Lebanon/Dataset/social-development-Lebanon,1996
http://dbpedia.org/resource/Lebanon,SL.TLF.CACT.MA.ZS,6.89E+01,http://linked.aub.edu.lb/CODEC/Lebanon/observation/social-development-Lebanon-SL.TLF.CACT.MA.ZS-1997,https://data.humdata.org/dataset/world-bank-social-development-indicators-for-lebanon,,The World Bank,http://linked.aub.edu.lb/CODEC/Lebanon/Dataset/social-development-Lebanon,1997
http://dbpedia.org/resource/Lebanon,SL.TLF.CACT.MA.ZS,6.86E+01,http://linked.aub.edu.lb/CODEC/Lebanon/observation/social-development-Lebanon-SL.TLF.CACT.MA.ZS-1998,https://data.humdata.org/dataset/world-bank-social-development-indicators-for-lebanon,,The World Bank,http://linked.aub.edu.lb/CODEC/Lebanon/Dataset/social-development-Lebanon,1998
http://dbpedia.org/resource/Lebanon,SL.TLF.CACT.MA.ZS,6.87E+01,http://linked.aub.edu.lb/CODEC/Lebanon/observation/social-development-Lebanon-SL.TLF.CACT.MA.ZS-1999,https://data.humdata.org/dataset/world-bank-social-development-indicators-for-lebanon,,The World Bank,http://linked.aub.edu.lb/CODEC/Lebanon/Dataset/social-development-Lebanon,1999
http://dbpedia.org/resource/Lebanon,SL.TLF.CACT.MA.ZS,6.88E+01,http://linked.aub.edu.lb/CODEC/Lebanon/observation/social-development-Lebanon-SL.TLF.CACT.MA.ZS-2000,https://data.humdata.org/dataset/world-bank-social-development-indicators-for-lebanon,,The World Bank,http://linked.aub.edu.lb/CODEC/Lebanon/Dataset/social-development-Lebanon,2000
http://dbpedia.org/resource/Lebanon,SL.TLF.CACT.MA.ZS,6.88E+01,http://linked.aub.edu.lb/CODEC/Lebanon/observation/social-development-Lebanon-SL.TLF.CACT.MA.ZS-2001,https://data.humdata.org/dataset/world-bank-social-development-indicators-for-lebanon,,The World Bank,http://linked.aub.edu.lb/CODEC/Lebanon/Dataset/social-development-Lebanon,2001
http://dbpedia.org/resource/Lebanon,SL.TLF.CACT.MA.ZS,6.89E+01,http://linked.aub.edu.lb/CODEC/Lebanon/observation/social-development-Lebanon-SL.TLF.CACT.MA.ZS-2002,https://data.humdata.org/dataset/world-bank-social-development-indicators-for-lebanon,,The World Bank,http://linked.aub.edu.lb/CODEC/Lebanon/Dataset/social-development-Lebanon,2002
http://dbpedia.org/resource/Lebanon,SL.TLF.CACT.MA.ZS,6.90E+01,http://linked.aub.edu.lb/CODEC/Lebanon/observation/social-development-Lebanon-SL.TLF.CACT.MA.ZS-2003,https://data.humdata.org/dataset/world-bank-social-development-indicators-for-lebanon,,The World Bank,http://linked.aub.edu.lb/CODEC/Lebanon/Dataset/social-development-Lebanon,2003
http://dbpedia.org/resource/Lebanon,SL.TLF.CACT.MA.ZS,6.87E+01,http://linked.aub.edu.lb/CODEC/Lebanon/observation/social-development-Lebanon-SL.TLF.CACT.MA.ZS-2004,https://data.humdata.org/dataset/world-bank-social-development-indicators-for-lebanon,,The World Bank,http://linked.aub.edu.lb/CODEC/Lebanon/Dataset/social-development-Lebanon,2004
http://dbpedia.org/resource/Lebanon,SL.TLF.CACT.MA.ZS,6.80E+01,http://linked.aub.edu.lb/CODEC/Lebanon/observation/social-development-Lebanon-SL.TLF.CACT.MA.ZS-2005,https://data.humdata.org/dataset/world-bank-social-development-indicators-for-lebanon,,The World Bank,http://linked.aub.edu.lb/CODEC/Lebanon/Dataset/social-development-Lebanon,2005
http://dbpedia.org/resource/Lebanon,SL.TLF.CACT.MA.ZS,6.73E+01,http://linked.aub.edu.lb/CODEC/Lebanon/observation/social-development-Lebanon-SL.TLF.CACT.MA.ZS-2006,https://data.humdata.org/dataset/world-bank-social-development-indicators-for-lebanon,,The World Bank,http://linked.aub.edu.lb/CODEC/Lebanon/Dataset/social-development-Lebanon,2006
http://dbpedia.org/resource/Lebanon,SL.TLF.CACT.MA.ZS,6.66E+01,http://linked.aub.edu.lb/CODEC/Lebanon/observation/social-development-Lebanon-SL.TLF.CACT.MA.ZS-2007,https://data.humdata.org/dataset/world-bank-social-development-indicators-for-lebanon,,The World Bank,http://linked.aub.edu.lb/CODEC/Lebanon/Dataset/social-development-Lebanon,2007
http://dbpedia.org/resource/Lebanon,SL.TLF.CACT.MA.ZS,6.69E+01,http://linked.aub.edu.lb/CODEC/Lebanon/observation/social-development-Lebanon-SL.TLF.CACT.MA.ZS-2008,https://data.humdata.org/dataset/world-bank-social-development-indicators-for-lebanon,,The World Bank,http://linked.aub.edu.lb/CODEC/Lebanon/Dataset/social-development-Lebanon,2008
http://dbpedia.org/resource/Lebanon,SL.TLF.CACT.MA.ZS,6.72E+01,http://linked.aub.edu.lb/CODEC/Lebanon/observation/social-development-Lebanon-SL.TLF.CACT.MA.ZS-2009,https://data.humdata.org/dataset/world-bank-social-development-indicators-for-lebanon,,The World Bank,http://linked.aub.edu.lb/CODEC/Lebanon/Dataset/social-development-Lebanon,2009
http://dbpedia.org/resource/Lebanon,SL.TLF.CACT.MA.ZS,6.74E+01,http://linked.aub.edu.lb/CODEC/Lebanon/observation/social-development-Lebanon-SL.TLF.CACT.MA.ZS-2010,https://data.humdata.org/dataset/world-bank-social-development-indicators-for-lebanon,,The World Bank,http://linked.aub.edu.lb/CODEC/Lebanon/Dataset/social-development-Lebanon,2010
http://dbpedia.org/resource/Lebanon,SL.TLF.CACT.MA.ZS,6.77E+01,http://linked.aub.edu.lb/CODEC/Lebanon/observation/social-development-Lebanon-SL.TLF.CACT.MA.ZS-2011,https://data.humdata.org/dataset/world-bank-social-development-indicators-for-lebanon,,The World Bank,http://linked.aub.edu.lb/CODEC/Lebanon/Dataset/social-development-Lebanon,2011
http://dbpedia.org/resource/Lebanon,SL.TLF.CACT.MA.ZS,6.79E+01,http://linked.aub.edu.lb/CODEC/Lebanon/observation/social-development-Lebanon-SL.TLF.CACT.MA.ZS-2012,https://data.humdata.org/dataset/world-bank-social-development-indicators-for-lebanon,,The World Bank,http://linked.aub.edu.lb/CODEC/Lebanon/Dataset/social-development-Lebanon,2012
http://dbpedia.org/resource/Lebanon,SL.TLF.CACT.MA.ZS,6.81E+01,http://linked.aub.edu.lb/CODEC/Lebanon/observation/social-development-Lebanon-SL.TLF.CACT.MA.ZS-2013,https://data.humdata.org/dataset/world-bank-social-development-indicators-for-lebanon,,The World Bank,http://linked.aub.edu.lb/CODEC/Lebanon/Dataset/social-development-Lebanon,2013
http://dbpedia.org/resource/Lebanon,SL.TLF.CACT.MA.ZS,6.84E+01,http://linked.aub.edu.lb/CODEC/Lebanon/observation/social-development-Lebanon-SL.TLF.CACT.MA.ZS-2014,https://data.humdata.org/dataset/world-bank-social-development-indicators-for-lebanon,,The World Bank,http://linked.aub.edu.lb/CODEC/Lebanon/Dataset/social-development-Lebanon,2014
http://dbpedia.org/resource/Lebanon,SL.TLF.CACT.MA.ZS,6.87E+01,http://linked.aub.edu.lb/CODEC/Lebanon/observation/social-development-Lebanon-SL.TLF.CACT.MA.ZS-2015,https://data.humdata.org/dataset/world-bank-social-development-indicators-for-lebanon,,The World Bank,http://linked.aub.edu.lb/CODEC/Lebanon/Dataset/social-development-Lebanon,2015
http://dbpedia.org/resource/Lebanon,SL.TLF.CACT.MA.ZS,6.91E+01,http://linked.aub.edu.lb/CODEC/Lebanon/observation/social-development-Lebanon-SL.TLF.CACT.MA.ZS-2016,https://data.humdata.org/dataset/world-bank-social-development-indicators-for-lebanon,,The World Bank,http://linked.aub.edu.lb/CODEC/Lebanon/Dataset/social-development-Lebanon,2016
http://dbpedia.org/resource/Lebanon,SL.TLF.CACT.MA.ZS,6.96E+01,http://linked.aub.edu.lb/CODEC/Lebanon/observation/social-development-Lebanon-SL.TLF.CACT.MA.ZS-2017,https://data.humdata.org/dataset/world-bank-social-development-indicators-for-lebanon,,The World Bank,http://linked.aub.edu.lb/CODEC/Lebanon/Dataset/social-development-Lebanon,2017
http://dbpedia.org/resource/Lebanon,SL.TLF.CACT.MA.ZS,7.00E+01,http://linked.aub.edu.lb/CODEC/Lebanon/observation/social-development-Lebanon-SL.TLF.CACT.MA.ZS-2018,https://data.humdata.org/dataset/world-bank-social-development-indicators-for-lebanon,,The World Bank,http://linked.aub.edu.lb/CODEC/Lebanon/Dataset/social-development-Lebanon,2018
http://dbpedia.org/resource/Lebanon,SL.TLF.CACT.MA.ZS,7.04E+01,http://linked.aub.edu.lb/CODEC/Lebanon/observation/social-development-Lebanon-SL.TLF.CACT.MA.ZS-2019,https://data.humdata.org/dataset/world-bank-social-development-indicators-for-lebanon,,The World Bank,http://linked.aub.edu.lb/CODEC/Lebanon/Dataset/social-development-Lebanon,2019
http://dbpedia.org/resource/Lebanon,SL.TLF.CACT.MA.ZS,6.45E+01,http://linked.aub.edu.lb/CODEC/Lebanon/observation/social-development-Lebanon-SL.TLF.CACT.MA.ZS-2020,https://data.humdata.org/dataset/world-bank-social-development-indicators-for-lebanon,,The World Bank,http://linked.aub.edu.lb/CODEC/Lebanon/Dataset/social-development-Lebanon,2020
http://dbpedia.org/resource/Lebanon,SL.TLF.CACT.MA.ZS,6.61E+01,http://linked.aub.edu.lb/CODEC/Lebanon/observation/social-development-Lebanon-SL.TLF.CACT.MA.ZS-2021,https://data.humdata.org/dataset/world-bank-social-development-indicators-for-lebanon,,The World Bank,http://linked.aub.edu.lb/CODEC/Lebanon/Dataset/social-development-Lebanon,2021
http://dbpedia.org/resource/Lebanon,SL.TLF.CACT.MA.ZS,6.70E+01,http://linked.aub.edu.lb/CODEC/Lebanon/observation/social-development-Lebanon-SL.TLF.CACT.MA.ZS-2022,https://data.humdata.org/dataset/world-bank-social-development-indicators-for-lebanon,,The World Bank,http://linked.aub.edu.lb/CODEC/Lebanon/Dataset/social-development-Lebanon,2022
http://dbpedia.org/resource/Lebanon,SL.UEM.TOTL.FE.ZS,1.10E+01,http://linked.aub.edu.lb/CODEC/Lebanon/observation/social-development-Lebanon-SL.UEM.TOTL.FE.ZS-1991,https://data.humdata.org/dataset/world-bank-social-development-indicators-for-lebanon,,The World Bank,http://linked.aub.edu.lb/CODEC/Lebanon/Dataset/social-development-Lebanon,1991
http://dbpedia.org/resource/Lebanon,SL.UEM.TOTL.FE.ZS,1.09E+01,http://linked.aub.edu.lb/CODEC/Lebanon/observation/social-development-Lebanon-SL.UEM.TOTL.FE.ZS-1992,https://data.humdata.org/dataset/world-bank-social-development-indicators-for-lebanon,,The World Bank,http://linked.aub.edu.lb/CODEC/Lebanon/Dataset/social-development-Lebanon,1992
http://dbpedia.org/resource/Lebanon,SL.UEM.TOTL.FE.ZS,1.09E+01,http://linked.aub.edu.lb/CODEC/Lebanon/observation/social-development-Lebanon-SL.UEM.TOTL.FE.ZS-1993,https://data.humdata.org/dataset/world-bank-social-development-indicators-for-lebanon,,The World Bank,http://linked.aub.edu.lb/CODEC/Lebanon/Dataset/social-development-Lebanon,1993
http://dbpedia.org/resource/Lebanon,SL.UEM.TOTL.FE.ZS,1.09E+01,http://linked.aub.edu.lb/CODEC/Lebanon/observation/social-development-Lebanon-SL.UEM.TOTL.FE.ZS-1994,https://data.humdata.org/dataset/world-bank-social-development-indicators-for-lebanon,,The World Bank,http://linked.aub.edu.lb/CODEC/Lebanon/Dataset/social-development-Lebanon,1994
http://dbpedia.org/resource/Lebanon,SL.UEM.TOTL.FE.ZS,1.09E+01,http://linked.aub.edu.lb/CODEC/Lebanon/observation/social-development-Lebanon-SL.UEM.TOTL.FE.ZS-1995,https://data.humdata.org/dataset/world-bank-social-development-indicators-for-lebanon,,The World Bank,http://linked.aub.edu.lb/CODEC/Lebanon/Dataset/social-development-Lebanon,1995
http://dbpedia.org/resource/Lebanon,SL.UEM.TOTL.FE.ZS,1.07E+01,http://linked.aub.edu.lb/CODEC/Lebanon/observation/social-development-Lebanon-SL.UEM.TOTL.FE.ZS-1996,https://data.humdata.org/dataset/world-bank-social-development-indicators-for-lebanon,,The World Bank,http://linked.aub.edu.lb/CODEC/Lebanon/Dataset/social-development-Lebanon,1996
http://dbpedia.org/resource/Lebanon,SL.UEM.TOTL.FE.ZS,1.08E+01,http://linked.aub.edu.lb/CODEC/Lebanon/observation/social-development-Lebanon-SL.UEM.TOTL.FE.ZS-1997,https://data.humdata.org/dataset/world-bank-social-development-indicators-for-lebanon,,The World Bank,http://linked.aub.edu.lb/CODEC/Lebanon/Dataset/social-development-Lebanon,1997
http://dbpedia.org/resource/Lebanon,SL.UEM.TOTL.FE.ZS,1.06E+01,http://linked.aub.edu.lb/CODEC/Lebanon/observation/social-development-Lebanon-SL.UEM.TOTL.FE.ZS-1998,https://data.humdata.org/dataset/world-bank-social-development-indicators-for-lebanon,,The World Bank,http://linked.aub.edu.lb/CODEC/Lebanon/Dataset/social-development-Lebanon,1998
http://dbpedia.org/resource/Lebanon,SL.UEM.TOTL.FE.ZS,1.05E+01,http://linked.aub.edu.lb/CODEC/Lebanon/observation/social-development-Lebanon-SL.UEM.TOTL.FE.ZS-1999,https://data.humdata.org/dataset/world-bank-social-development-indicators-for-lebanon,,The World Bank,http://linked.aub.edu.lb/CODEC/Lebanon/Dataset/social-development-Lebanon,1999
http://dbpedia.org/resource/Lebanon,SL.UEM.TOTL.FE.ZS,1.03E+01,http://linked.aub.edu.lb/CODEC/Lebanon/observation/social-development-Lebanon-SL.UEM.TOTL.FE.ZS-2000,https://data.humdata.org/dataset/world-bank-social-development-indicators-for-lebanon,,The World Bank,http://linked.aub.edu.lb/CODEC/Lebanon/Dataset/social-development-Lebanon,2000
http://dbpedia.org/resource/Lebanon,SL.UEM.TOTL.FE.ZS,1.01E+01,http://linked.aub.edu.lb/CODEC/Lebanon/observation/social-development-Lebanon-SL.UEM.TOTL.FE.ZS-2001,https://data.humdata.org/dataset/world-bank-social-development-indicators-for-lebanon,,The World Bank,http://linked.aub.edu.lb/CODEC/Lebanon/Dataset/social-development-Lebanon,2001
http://dbpedia.org/resource/Lebanon,SL.UEM.TOTL.FE.ZS,9.90E+00,http://linked.aub.edu.lb/CODEC/Lebanon/observation/social-development-Lebanon-SL.UEM.TOTL.FE.ZS-2002,https://data.humdata.org/dataset/world-bank-social-development-indicators-for-lebanon,,The World Bank,http://linked.aub.edu.lb/CODEC/Lebanon/Dataset/social-development-Lebanon,2002
http://dbpedia.org/resource/Lebanon,SL.UEM.TOTL.FE.ZS,9.73E+00,http://linked.aub.edu.lb/CODEC/Lebanon/observation/social-development-Lebanon-SL.UEM.TOTL.FE.ZS-2003,https://data.humdata.org/dataset/world-bank-social-development-indicators-for-lebanon,,The World Bank,http://linked.aub.edu.lb/CODEC/Lebanon/Dataset/social-development-Lebanon,2003
http://dbpedia.org/resource/Lebanon,SL.UEM.TOTL.FE.ZS,9.51E+00,http://linked.aub.edu.lb/CODEC/Lebanon/observation/social-development-Lebanon-SL.UEM.TOTL.FE.ZS-2004,https://data.humdata.org/dataset/world-bank-social-development-indicators-for-lebanon,,The World Bank,http://linked.aub.edu.lb/CODEC/Lebanon/Dataset/social-development-Lebanon,2004
http://dbpedia.org/resource/Lebanon,SL.UEM.TOTL.FE.ZS,9.78E+00,http://linked.aub.edu.lb/CODEC/Lebanon/observation/social-development-Lebanon-SL.UEM.TOTL.FE.ZS-2005,https://data.humdata.org/dataset/world-bank-social-development-indicators-for-lebanon,,The World Bank,http://linked.aub.edu.lb/CODEC/Lebanon/Dataset/social-development-Lebanon,2005
http://dbpedia.org/resource/Lebanon,SL.UEM.TOTL.FE.ZS,1.00E+01,http://linked.aub.edu.lb/CODEC/Lebanon/observation/social-development-Lebanon-SL.UEM.TOTL.FE.ZS-2006,https://data.humdata.org/dataset/world-bank-social-development-indicators-for-lebanon,,The World Bank,http://linked.aub.edu.lb/CODEC/Lebanon/Dataset/social-development-Lebanon,2006
http://dbpedia.org/resource/Lebanon,SL.UEM.TOTL.FE.ZS,1.01E+01,http://linked.aub.edu.lb/CODEC/Lebanon/observation/social-development-Lebanon-SL.UEM.TOTL.FE.ZS-2007,https://data.humdata.org/dataset/world-bank-social-development-indicators-for-lebanon,,The World Bank,http://linked.aub.edu.lb/CODEC/Lebanon/Dataset/social-development-Lebanon,2007
http://dbpedia.org/resource/Lebanon,SL.UEM.TOTL.FE.ZS,1.03E+01,http://linked.aub.edu.lb/CODEC/Lebanon/observation/social-development-Lebanon-SL.UEM.TOTL.FE.ZS-2008,https://data.humdata.org/dataset/world-bank-social-development-indicators-for-lebanon,,The World Bank,http://linked.aub.edu.lb/CODEC/Lebanon/Dataset/social-development-Lebanon,2008
http://dbpedia.org/resource/Lebanon,SL.UEM.TOTL.FE.ZS,1.03E+01,http://linked.aub.edu.lb/CODEC/Lebanon/observation/social-development-Lebanon-SL.UEM.TOTL.FE.ZS-2009,https://data.humdata.org/dataset/world-bank-social-development-indicators-for-lebanon,,The World Bank,http://linked.aub.edu.lb/CODEC/Lebanon/Dataset/social-development-Lebanon,2009
http://dbpedia.org/resource/Lebanon,SL.UEM.TOTL.FE.ZS,1.07E+01,http://linked.aub.edu.lb/CODEC/Lebanon/observation/social-development-Lebanon-SL.UEM.TOTL.FE.ZS-2010,https://data.humdata.org/dataset/world-bank-social-development-indicators-for-lebanon,,The World Bank,http://linked.aub.edu.lb/CODEC/Lebanon/Dataset/social-development-Lebanon,2010
http://dbpedia.org/resource/Lebanon,SL.UEM.TOTL.FE.ZS,1.12E+01,http://linked.aub.edu.lb/CODEC/Lebanon/observation/social-development-Lebanon-SL.UEM.TOTL.FE.ZS-2011,https://data.humdata.org/dataset/world-bank-social-development-indicators-for-lebanon,,The World Bank,http://linked.aub.edu.lb/CODEC/Lebanon/Dataset/social-development-Lebanon,2011
http://dbpedia.org/resource/Lebanon,SL.UEM.TOTL.FE.ZS,1.16E+01,http://linked.aub.edu.lb/CODEC/Lebanon/observation/social-development-Lebanon-SL.UEM.TOTL.FE.ZS-2012,https://data.humdata.org/dataset/world-bank-social-development-indicators-for-lebanon,,The World Bank,http://linked.aub.edu.lb/CODEC/Lebanon/Dataset/social-development-Lebanon,2012
http://dbpedia.org/resource/Lebanon,SL.UEM.TOTL.FE.ZS,1.19E+01,http://linked.aub.edu.lb/CODEC/Lebanon/observation/social-development-Lebanon-SL.UEM.TOTL.FE.ZS-2013,https://data.humdata.org/dataset/world-bank-social-development-indicators-for-lebanon,,The World Bank,http://linked.aub.edu.lb/CODEC/Lebanon/Dataset/social-development-Lebanon,2013
http://dbpedia.org/resource/Lebanon,SL.UEM.TOTL.FE.ZS,1.23E+01,http://linked.aub.edu.lb/CODEC/Lebanon/observation/social-development-Lebanon-SL.UEM.TOTL.FE.ZS-2014,https://data.humdata.org/dataset/world-bank-social-development-indicators-for-lebanon,,The World Bank,http://linked.aub.edu.lb/CODEC/Lebanon/Dataset/social-development-Lebanon,2014
http://dbpedia.org/resource/Lebanon,SL.UEM.TOTL.FE.ZS,1.27E+01,http://linked.aub.edu.lb/CODEC/Lebanon/observation/social-development-Lebanon-SL.UEM.TOTL.FE.ZS-2015,https://data.humdata.org/dataset/world-bank-social-development-indicators-for-lebanon,,The World Bank,http://linked.aub.edu.lb/CODEC/Lebanon/Dataset/social-development-Lebanon,2015
http://dbpedia.org/resource/Lebanon,SL.UEM.TOTL.FE.ZS,1.31E+01,http://linked.aub.edu.lb/CODEC/Lebanon/observation/social-development-Lebanon-SL.UEM.TOTL.FE.ZS-2016,https://data.humdata.org/dataset/world-bank-social-development-indicators-for-lebanon,,The World Bank,http://linked.aub.edu.lb/CODEC/Lebanon/Dataset/social-development-Lebanon,2016
http://dbpedia.org/resource/Lebanon,SL.UEM.TOTL.FE.ZS,1.34E+01,http://linked.aub.edu.lb/CODEC/Lebanon/observation/social-development-Lebanon-SL.UEM.TOTL.FE.ZS-2017,https://data.humdata.org/dataset/world-bank-social-development-indicators-for-lebanon,,The World Bank,http://linked.aub.edu.lb/CODEC/Lebanon/Dataset/social-development-Lebanon,2017
http://dbpedia.org/resource/Lebanon,SL.UEM.TOTL.FE.ZS,1.39E+01,http://linked.aub.edu.lb/CODEC/Lebanon/observation/social-development-Lebanon-SL.UEM.TOTL.FE.ZS-2018,https://data.humdata.org/dataset/world-bank-social-development-indicators-for-lebanon,,The World Bank,http://linked.aub.edu.lb/CODEC/Lebanon/Dataset/social-development-Lebanon,2018
http://dbpedia.org/resource/Lebanon,SL.UEM.TOTL.FE.ZS,1.43E+01,http://linked.aub.edu.lb/CODEC/Lebanon/observation/social-development-Lebanon-SL.UEM.TOTL.FE.ZS-2019,https://data.humdata.org/dataset/world-bank-social-development-indicators-for-lebanon,,The World Bank,http://linked.aub.edu.lb/CODEC/Lebanon/Dataset/social-development-Lebanon,2019
http://dbpedia.org/resource/Lebanon,SL.UEM.TOTL.FE.ZS,1.60E+01,http://linked.aub.edu.lb/CODEC/Lebanon/observation/social-development-Lebanon-SL.UEM.TOTL.FE.ZS-2020,https://data.humdata.org/dataset/world-bank-social-development-indicators-for-lebanon,,The World Bank,http://linked.aub.edu.lb/CODEC/Lebanon/Dataset/social-development-Lebanon,2020
http://dbpedia.org/resource/Lebanon,SL.UEM.TOTL.FE.ZS,1.58E+01,http://linked.aub.edu.lb/CODEC/Lebanon/observation/social-development-Lebanon-SL.UEM.TOTL.FE.ZS-2021,https://data.humdata.org/dataset/world-bank-social-development-indicators-for-lebanon,,The World Bank,http://linked.aub.edu.lb/CODEC/Lebanon/Dataset/social-development-Lebanon,2021
http://dbpedia.org/resource/Lebanon,SL.UEM.TOTL.FE.ZS,1.60E+01,http://linked.aub.edu.lb/CODEC/Lebanon/observation/social-development-Lebanon-SL.UEM.TOTL.FE.ZS-2022,https://data.humdata.org/dataset/world-bank-social-development-indicators-for-lebanon,,The World Bank,http://linked.aub.edu.lb/CODEC/Lebanon/Dataset/social-development-Lebanon,2022
http://dbpedia.org/resource/Lebanon,SL.UEM.TOTL.MA.ZS,7.67E+00,http://linked.aub.edu.lb/CODEC/Lebanon/observation/social-development-Lebanon-SL.UEM.TOTL.MA.ZS-1991,https://data.humdata.org/dataset/world-bank-social-development-indicators-for-lebanon,,The World Bank,http://linked.aub.edu.lb/CODEC/Lebanon/Dataset/social-development-Lebanon,1991
http://dbpedia.org/resource/Lebanon,SL.UEM.TOTL.MA.ZS,7.71E+00,http://linked.aub.edu.lb/CODEC/Lebanon/observation/social-development-Lebanon-SL.UEM.TOTL.MA.ZS-1992,https://data.humdata.org/dataset/world-bank-social-development-indicators-for-lebanon,,The World Bank,http://linked.aub.edu.lb/CODEC/Lebanon/Dataset/social-development-Lebanon,1992
http://dbpedia.org/resource/Lebanon,SL.UEM.TOTL.MA.ZS,7.73E+00,http://linked.aub.edu.lb/CODEC/Lebanon/observation/social-development-Lebanon-SL.UEM.TOTL.MA.ZS-1993,https://data.humdata.org/dataset/world-bank-social-development-indicators-for-lebanon,,The World Bank,http://linked.aub.edu.lb/CODEC/Lebanon/Dataset/social-development-Lebanon,1993
http://dbpedia.org/resource/Lebanon,SL.UEM.TOTL.MA.ZS,7.79E+00,http://linked.aub.edu.lb/CODEC/Lebanon/observation/social-development-Lebanon-SL.UEM.TOTL.MA.ZS-1994,https://data.humdata.org/dataset/world-bank-social-development-indicators-for-lebanon,,The World Bank,http://linked.aub.edu.lb/CODEC/Lebanon/Dataset/social-development-Lebanon,1994
http://dbpedia.org/resource/Lebanon,SL.UEM.TOTL.MA.ZS,7.83E+00,http://linked.aub.edu.lb/CODEC/Lebanon/observation/social-development-Lebanon-SL.UEM.TOTL.MA.ZS-1995,https://data.humdata.org/dataset/world-bank-social-development-indicators-for-lebanon,,The World Bank,http://linked.aub.edu.lb/CODEC/Lebanon/Dataset/social-development-Lebanon,1995
http://dbpedia.org/resource/Lebanon,SL.UEM.TOTL.MA.ZS,7.78E+00,http://linked.aub.edu.lb/CODEC/Lebanon/observation/social-development-Lebanon-SL.UEM.TOTL.MA.ZS-1996,https://data.humdata.org/dataset/world-bank-social-development-indicators-for-lebanon,,The World Bank,http://linked.aub.edu.lb/CODEC/Lebanon/Dataset/social-development-Lebanon,1996
http://dbpedia.org/resource/Lebanon,SL.UEM.TOTL.MA.ZS,7.94E+00,http://linked.aub.edu.lb/CODEC/Lebanon/observation/social-development-Lebanon-SL.UEM.TOTL.MA.ZS-1997,https://data.humdata.org/dataset/world-bank-social-development-indicators-for-lebanon,,The World Bank,http://linked.aub.edu.lb/CODEC/Lebanon/Dataset/social-development-Lebanon,1997
http://dbpedia.org/resource/Lebanon,SL.UEM.TOTL.MA.ZS,7.83E+00,http://linked.aub.edu.lb/CODEC/Lebanon/observation/social-development-Lebanon-SL.UEM.TOTL.MA.ZS-1998,https://data.humdata.org/dataset/world-bank-social-development-indicators-for-lebanon,,The World Bank,http://linked.aub.edu.lb/CODEC/Lebanon/Dataset/social-development-Lebanon,1998
http://dbpedia.org/resource/Lebanon,SL.UEM.TOTL.MA.ZS,7.81E+00,http://linked.aub.edu.lb/CODEC/Lebanon/observation/social-development-Lebanon-SL.UEM.TOTL.MA.ZS-1999,https://data.humdata.org/dataset/world-bank-social-development-indicators-for-lebanon,,The World Bank,http://linked.aub.edu.lb/CODEC/Lebanon/Dataset/social-development-Lebanon,1999
http://dbpedia.org/resource/Lebanon,SL.UEM.TOTL.MA.ZS,7.71E+00,http://linked.aub.edu.lb/CODEC/Lebanon/observation/social-development-Lebanon-SL.UEM.TOTL.MA.ZS-2000,https://data.humdata.org/dataset/world-bank-social-development-indicators-for-lebanon,,The World Bank,http://linked.aub.edu.lb/CODEC/Lebanon/Dataset/social-development-Lebanon,2000
http://dbpedia.org/resource/Lebanon,SL.UEM.TOTL.MA.ZS,7.60E+00,http://linked.aub.edu.lb/CODEC/Lebanon/observation/social-development-Lebanon-SL.UEM.TOTL.MA.ZS-2001,https://data.humdata.org/dataset/world-bank-social-development-indicators-for-lebanon,,The World Bank,http://linked.aub.edu.lb/CODEC/Lebanon/Dataset/social-development-Lebanon,2001
http://dbpedia.org/resource/Lebanon,SL.UEM.TOTL.MA.ZS,7.53E+00,http://linked.aub.edu.lb/CODEC/Lebanon/observation/social-development-Lebanon-SL.UEM.TOTL.MA.ZS-2002,https://data.humdata.org/dataset/world-bank-social-development-indicators-for-lebanon,,The World Bank,http://linked.aub.edu.lb/CODEC/Lebanon/Dataset/social-development-Lebanon,2002
http://dbpedia.org/resource/Lebanon,SL.UEM.TOTL.MA.ZS,7.46E+00,http://linked.aub.edu.lb/CODEC/Lebanon/observation/social-development-Lebanon-SL.UEM.TOTL.MA.ZS-2003,https://data.humdata.org/dataset/world-bank-social-development-indicators-for-lebanon,,The World Bank,http://linked.aub.edu.lb/CODEC/Lebanon/Dataset/social-development-Lebanon,2003
http://dbpedia.org/resource/Lebanon,SL.UEM.TOTL.MA.ZS,7.34E+00,http://linked.aub.edu.lb/CODEC/Lebanon/observation/social-development-Lebanon-SL.UEM.TOTL.MA.ZS-2004,https://data.humdata.org/dataset/world-bank-social-development-indicators-for-lebanon,,The World Bank,http://linked.aub.edu.lb/CODEC/Lebanon/Dataset/social-development-Lebanon,2004
http://dbpedia.org/resource/Lebanon,SL.UEM.TOTL.MA.ZS,7.83E+00,http://linked.aub.edu.lb/CODEC/Lebanon/observation/social-development-Lebanon-SL.UEM.TOTL.MA.ZS-2005,https://data.humdata.org/dataset/world-bank-social-development-indicators-for-lebanon,,The World Bank,http://linked.aub.edu.lb/CODEC/Lebanon/Dataset/social-development-Lebanon,2005
http://dbpedia.org/resource/Lebanon,SL.UEM.TOTL.MA.ZS,8.28E+00,http://linked.aub.edu.lb/CODEC/Lebanon/observation/social-development-Lebanon-SL.UEM.TOTL.MA.ZS-2006,https://data.humdata.org/dataset/world-bank-social-development-indicators-for-lebanon,,The World Bank,http://linked.aub.edu.lb/CODEC/Lebanon/Dataset/social-development-Lebanon,2006
http://dbpedia.org/resource/Lebanon,SL.UEM.TOTL.MA.ZS,8.60E+00,http://linked.aub.edu.lb/CODEC/Lebanon/observation/social-development-Lebanon-SL.UEM.TOTL.MA.ZS-2007,https://data.humdata.org/dataset/world-bank-social-development-indicators-for-lebanon,,The World Bank,http://linked.aub.edu.lb/CODEC/Lebanon/Dataset/social-development-Lebanon,2007
http://dbpedia.org/resource/Lebanon,SL.UEM.TOTL.MA.ZS,6.80E+00,http://linked.aub.edu.lb/CODEC/Lebanon/observation/social-development-Lebanon-SL.UEM.TOTL.MA.ZS-2008,https://data.humdata.org/dataset/world-bank-social-development-indicators-for-lebanon,,The World Bank,http://linked.aub.edu.lb/CODEC/Lebanon/Dataset/social-development-Lebanon,2008
http://dbpedia.org/resource/Lebanon,SL.UEM.TOTL.MA.ZS,4.99E+00,http://linked.aub.edu.lb/CODEC/Lebanon/observation/social-development-Lebanon-SL.UEM.TOTL.MA.ZS-2009,https://data.humdata.org/dataset/world-bank-social-development-indicators-for-lebanon,,The World Bank,http://linked.aub.edu.lb/CODEC/Lebanon/Dataset/social-development-Lebanon,2009
http://dbpedia.org/resource/Lebanon,SL.UEM.TOTL.MA.ZS,5.47E+00,http://linked.aub.edu.lb/CODEC/Lebanon/observation/social-development-Lebanon-SL.UEM.TOTL.MA.ZS-2010,https://data.humdata.org/dataset/world-bank-social-development-indicators-for-lebanon,,The World Bank,http://linked.aub.edu.lb/CODEC/Lebanon/Dataset/social-development-Lebanon,2010
http://dbpedia.org/resource/Lebanon,SL.UEM.TOTL.MA.ZS,6.01E+00,http://linked.aub.edu.lb/CODEC/Lebanon/observation/social-development-Lebanon-SL.UEM.TOTL.MA.ZS-2011,https://data.humdata.org/dataset/world-bank-social-development-indicators-for-lebanon,,The World Bank,http://linked.aub.edu.lb/CODEC/Lebanon/Dataset/social-development-Lebanon,2011
http://dbpedia.org/resource/Lebanon,SL.UEM.TOTL.MA.ZS,6.46E+00,http://linked.aub.edu.lb/CODEC/Lebanon/observation/social-development-Lebanon-SL.UEM.TOTL.MA.ZS-2012,https://data.humdata.org/dataset/world-bank-social-development-indicators-for-lebanon,,The World Bank,http://linked.aub.edu.lb/CODEC/Lebanon/Dataset/social-development-Lebanon,2012
http://dbpedia.org/resource/Lebanon,SL.UEM.TOTL.MA.ZS,6.92E+00,http://linked.aub.edu.lb/CODEC/Lebanon/observation/social-development-Lebanon-SL.UEM.TOTL.MA.ZS-2013,https://data.humdata.org/dataset/world-bank-social-development-indicators-for-lebanon,,The World Bank,http://linked.aub.edu.lb/CODEC/Lebanon/Dataset/social-development-Lebanon,2013
http://dbpedia.org/resource/Lebanon,SL.UEM.TOTL.MA.ZS,7.41E+00,http://linked.aub.edu.lb/CODEC/Lebanon/observation/social-development-Lebanon-SL.UEM.TOTL.MA.ZS-2014,https://data.humdata.org/dataset/world-bank-social-development-indicators-for-lebanon,,The World Bank,http://linked.aub.edu.lb/CODEC/Lebanon/Dataset/social-development-Lebanon,2014
http://dbpedia.org/resource/Lebanon,SL.UEM.TOTL.MA.ZS,7.90E+00,http://linked.aub.edu.lb/CODEC/Lebanon/observation/social-development-Lebanon-SL.UEM.TOTL.MA.ZS-2015,https://data.humdata.org/dataset/world-bank-social-development-indicators-for-lebanon,,The World Bank,http://linked.aub.edu.lb/CODEC/Lebanon/Dataset/social-development-Lebanon,2015
http://dbpedia.org/resource/Lebanon,SL.UEM.TOTL.MA.ZS,8.36E+00,http://linked.aub.edu.lb/CODEC/Lebanon/observation/social-development-Lebanon-SL.UEM.TOTL.MA.ZS-2016,https://data.humdata.org/dataset/world-bank-social-development-indicators-for-lebanon,,The World Bank,http://linked.aub.edu.lb/CODEC/Lebanon/Dataset/social-development-Lebanon,2016
http://dbpedia.org/resource/Lebanon,SL.UEM.TOTL.MA.ZS,8.84E+00,http://linked.aub.edu.lb/CODEC/Lebanon/observation/social-development-Lebanon-SL.UEM.TOTL.MA.ZS-2017,https://data.humdata.org/dataset/world-bank-social-development-indicators-for-lebanon,,The World Bank,http://linked.aub.edu.lb/CODEC/Lebanon/Dataset/social-development-Lebanon,2017
http://dbpedia.org/resource/Lebanon,SL.UEM.TOTL.MA.ZS,9.35E+00,http://linked.aub.edu.lb/CODEC/Lebanon/observation/social-development-Lebanon-SL.UEM.TOTL.MA.ZS-2018,https://data.humdata.org/dataset/world-bank-social-development-indicators-for-lebanon,,The World Bank,http://linked.aub.edu.lb/CODEC/Lebanon/Dataset/social-development-Lebanon,2018
http://dbpedia.org/resource/Lebanon,SL.UEM.TOTL.MA.ZS,9.92E+00,http://linked.aub.edu.lb/CODEC/Lebanon/observation/social-development-Lebanon-SL.UEM.TOTL.MA.ZS-2019,https://data.humdata.org/dataset/world-bank-social-development-indicators-for-lebanon,,The World Bank,http://linked.aub.edu.lb/CODEC/Lebanon/Dataset/social-development-Lebanon,2019
http://dbpedia.org/resource/Lebanon,SL.UEM.TOTL.MA.ZS,1.16E+01,http://linked.aub.edu.lb/CODEC/Lebanon/observation/social-development-Lebanon-SL.UEM.TOTL.MA.ZS-2020,https://data.humdata.org/dataset/world-bank-social-development-indicators-for-lebanon,,The World Bank,http://linked.aub.edu.lb/CODEC/Lebanon/Dataset/social-development-Lebanon,2020
http://dbpedia.org/resource/Lebanon,SL.UEM.TOTL.MA.ZS,1.10E+01,http://linked.aub.edu.lb/CODEC/Lebanon/observation/social-development-Lebanon-SL.UEM.TOTL.MA.ZS-2021,https://data.humdata.org/dataset/world-bank-social-development-indicators-for-lebanon,,The World Bank,http://linked.aub.edu.lb/CODEC/Lebanon/Dataset/social-development-Lebanon,2021
http://dbpedia.org/resource/Lebanon,SL.UEM.TOTL.MA.ZS,1.10E+01,http://linked.aub.edu.lb/CODEC/Lebanon/observation/social-development-Lebanon-SL.UEM.TOTL.MA.ZS-2022,https://data.humdata.org/dataset/world-bank-social-development-indicators-for-lebanon,,The World Bank,http://linked.aub.edu.lb/CODEC/Lebanon/Dataset/social-development-Lebanon,2022
http://dbpedia.org/resource/Lebanon,SM.POP.REFG,1.38E+05,http://linked.aub.edu.lb/CODEC/Lebanon/observation/social-development-Lebanon-SM.POP.REFG-1960,https://data.humdata.org/dataset/world-bank-social-development-indicators-for-lebanon,,The World Bank,http://linked.aub.edu.lb/CODEC/Lebanon/Dataset/social-development-Lebanon,1960
http://dbpedia.org/resource/Lebanon,SM.POP.REFG,1.43E+05,http://linked.aub.edu.lb/CODEC/Lebanon/observation/social-development-Lebanon-SM.POP.REFG-1961,https://data.humdata.org/dataset/world-bank-social-development-indicators-for-lebanon,,The World Bank,http://linked.aub.edu.lb/CODEC/Lebanon/Dataset/social-development-Lebanon,1961
http://dbpedia.org/resource/Lebanon,SM.POP.REFG,1.47E+05,http://linked.aub.edu.lb/CODEC/Lebanon/observation/social-development-Lebanon-SM.POP.REFG-1962,https://data.humdata.org/dataset/world-bank-social-development-indicators-for-lebanon,,The World Bank,http://linked.aub.edu.lb/CODEC/Lebanon/Dataset/social-development-Lebanon,1962
http://dbpedia.org/resource/Lebanon,SM.POP.REFG,1.53E+05,http://linked.aub.edu.lb/CODEC/Lebanon/observation/social-development-Lebanon-SM.POP.REFG-1963,https://data.humdata.org/dataset/world-bank-social-development-indicators-for-lebanon,,The World Bank,http://linked.aub.edu.lb/CODEC/Lebanon/Dataset/social-development-Lebanon,1963
http://dbpedia.org/resource/Lebanon,SM.POP.REFG,1.59E+05,http://linked.aub.edu.lb/CODEC/Lebanon/observation/social-development-Lebanon-SM.POP.REFG-1964,https://data.humdata.org/dataset/world-bank-social-development-indicators-for-lebanon,,The World Bank,http://linked.aub.edu.lb/CODEC/Lebanon/Dataset/social-development-Lebanon,1964
http://dbpedia.org/resource/Lebanon,SM.POP.REFG,1.63E+05,http://linked.aub.edu.lb/CODEC/Lebanon/observation/social-development-Lebanon-SM.POP.REFG-1965,https://data.humdata.org/dataset/world-bank-social-development-indicators-for-lebanon,,The World Bank,http://linked.aub.edu.lb/CODEC/Lebanon/Dataset/social-development-Lebanon,1965
http://dbpedia.org/resource/Lebanon,SM.POP.REFG,1.65E+05,http://linked.aub.edu.lb/CODEC/Lebanon/observation/social-development-Lebanon-SM.POP.REFG-1966,https://data.humdata.org/dataset/world-bank-social-development-indicators-for-lebanon,,The World Bank,http://linked.aub.edu.lb/CODEC/Lebanon/Dataset/social-development-Lebanon,1966
http://dbpedia.org/resource/Lebanon,SM.POP.REFG,1.23E+05,http://linked.aub.edu.lb/CODEC/Lebanon/observation/social-development-Lebanon-SM.POP.REFG-1967,https://data.humdata.org/dataset/world-bank-social-development-indicators-for-lebanon,,The World Bank,http://linked.aub.edu.lb/CODEC/Lebanon/Dataset/social-development-Lebanon,1967
http://dbpedia.org/resource/Lebanon,SM.POP.REFG,1.73E+05,http://linked.aub.edu.lb/CODEC/Lebanon/observation/social-development-Lebanon-SM.POP.REFG-1968,https://data.humdata.org/dataset/world-bank-social-development-indicators-for-lebanon,,The World Bank,http://linked.aub.edu.lb/CODEC/Lebanon/Dataset/social-development-Lebanon,1968
http://dbpedia.org/resource/Lebanon,SM.POP.REFG,1.78E+05,http://linked.aub.edu.lb/CODEC/Lebanon/observation/social-development-Lebanon-SM.POP.REFG-1969,https://data.humdata.org/dataset/world-bank-social-development-indicators-for-lebanon,,The World Bank,http://linked.aub.edu.lb/CODEC/Lebanon/Dataset/social-development-Lebanon,1969
http://dbpedia.org/resource/Lebanon,SM.POP.REFG,1.78E+05,http://linked.aub.edu.lb/CODEC/Lebanon/observation/social-development-Lebanon-SM.POP.REFG-1970,https://data.humdata.org/dataset/world-bank-social-development-indicators-for-lebanon,,The World Bank,http://linked.aub.edu.lb/CODEC/Lebanon/Dataset/social-development-Lebanon,1970
http://dbpedia.org/resource/Lebanon,SM.POP.REFG,1.85E+05,http://linked.aub.edu.lb/CODEC/Lebanon/observation/social-development-Lebanon-SM.POP.REFG-1971,https://data.humdata.org/dataset/world-bank-social-development-indicators-for-lebanon,,The World Bank,http://linked.aub.edu.lb/CODEC/Lebanon/Dataset/social-development-Lebanon,1971
http://dbpedia.org/resource/Lebanon,SM.POP.REFG,1.89E+05,http://linked.aub.edu.lb/CODEC/Lebanon/observation/social-development-Lebanon-SM.POP.REFG-1972,https://data.humdata.org/dataset/world-bank-social-development-indicators-for-lebanon,,The World Bank,http://linked.aub.edu.lb/CODEC/Lebanon/Dataset/social-development-Lebanon,1972
http://dbpedia.org/resource/Lebanon,SM.POP.REFG,1.93E+05,http://linked.aub.edu.lb/CODEC/Lebanon/observation/social-development-Lebanon-SM.POP.REFG-1973,https://data.humdata.org/dataset/world-bank-social-development-indicators-for-lebanon,,The World Bank,http://linked.aub.edu.lb/CODEC/Lebanon/Dataset/social-development-Lebanon,1973
http://dbpedia.org/resource/Lebanon,SM.POP.REFG,1.93E+05,http://linked.aub.edu.lb/CODEC/Lebanon/observation/social-development-Lebanon-SM.POP.REFG-1974,https://data.humdata.org/dataset/world-bank-social-development-indicators-for-lebanon,,The World Bank,http://linked.aub.edu.lb/CODEC/Lebanon/Dataset/social-development-Lebanon,1974
http://dbpedia.org/resource/Lebanon,SM.POP.REFG,1.98E+05,http://linked.aub.edu.lb/CODEC/Lebanon/observation/social-development-Lebanon-SM.POP.REFG-1975,https://data.humdata.org/dataset/world-bank-social-development-indicators-for-lebanon,,The World Bank,http://linked.aub.edu.lb/CODEC/Lebanon/Dataset/social-development-Lebanon,1975
http://dbpedia.org/resource/Lebanon,SM.POP.REFG,8.99E+05,http://linked.aub.edu.lb/CODEC/Lebanon/observation/social-development-Lebanon-SM.POP.REFG-1976,https://data.humdata.org/dataset/world-bank-social-development-indicators-for-lebanon,,The World Bank,http://linked.aub.edu.lb/CODEC/Lebanon/Dataset/social-development-Lebanon,1976
http://dbpedia.org/resource/Lebanon,SM.POP.REFG,9.07E+05,http://linked.aub.edu.lb/CODEC/Lebanon/observation/social-development-Lebanon-SM.POP.REFG-1977,https://data.humdata.org/dataset/world-bank-social-development-indicators-for-lebanon,,The World Bank,http://linked.aub.edu.lb/CODEC/Lebanon/Dataset/social-development-Lebanon,1977
http://dbpedia.org/resource/Lebanon,SM.POP.REFG,2.20E+05,http://linked.aub.edu.lb/CODEC/Lebanon/observation/social-development-Lebanon-SM.POP.REFG-1978,https://data.humdata.org/dataset/world-bank-social-development-indicators-for-lebanon,,The World Bank,http://linked.aub.edu.lb/CODEC/Lebanon/Dataset/social-development-Lebanon,1978
http://dbpedia.org/resource/Lebanon,SM.POP.REFG,2.26E+05,http://linked.aub.edu.lb/CODEC/Lebanon/observation/social-development-Lebanon-SM.POP.REFG-1979,https://data.humdata.org/dataset/world-bank-social-development-indicators-for-lebanon,,The World Bank,http://linked.aub.edu.lb/CODEC/Lebanon/Dataset/social-development-Lebanon,1979
http://dbpedia.org/resource/Lebanon,SM.POP.REFG,2.35E+05,http://linked.aub.edu.lb/CODEC/Lebanon/observation/social-development-Lebanon-SM.POP.REFG-1980,https://data.humdata.org/dataset/world-bank-social-development-indicators-for-lebanon,,The World Bank,http://linked.aub.edu.lb/CODEC/Lebanon/Dataset/social-development-Lebanon,1980
http://dbpedia.org/resource/Lebanon,SM.POP.REFG,2.37E+05,http://linked.aub.edu.lb/CODEC/Lebanon/observation/social-development-Lebanon-SM.POP.REFG-1981,https://data.humdata.org/dataset/world-bank-social-development-indicators-for-lebanon,,The World Bank,http://linked.aub.edu.lb/CODEC/Lebanon/Dataset/social-development-Lebanon,1981
http://dbpedia.org/resource/Lebanon,SM.POP.REFG,2.42E+05,http://linked.aub.edu.lb/CODEC/Lebanon/observation/social-development-Lebanon-SM.POP.REFG-1982,https://data.humdata.org/dataset/world-bank-social-development-indicators-for-lebanon,,The World Bank,http://linked.aub.edu.lb/CODEC/Lebanon/Dataset/social-development-Lebanon,1982
http://dbpedia.org/resource/Lebanon,SM.POP.REFG,2.56E+05,http://linked.aub.edu.lb/CODEC/Lebanon/observation/social-development-Lebanon-SM.POP.REFG-1983,https://data.humdata.org/dataset/world-bank-social-development-indicators-for-lebanon,,The World Bank,http://linked.aub.edu.lb/CODEC/Lebanon/Dataset/social-development-Lebanon,1983
http://dbpedia.org/resource/Lebanon,SM.POP.REFG,2.63E+05,http://linked.aub.edu.lb/CODEC/Lebanon/observation/social-development-Lebanon-SM.POP.REFG-1984,https://data.humdata.org/dataset/world-bank-social-development-indicators-for-lebanon,,The World Bank,http://linked.aub.edu.lb/CODEC/Lebanon/Dataset/social-development-Lebanon,1984
http://dbpedia.org/resource/Lebanon,SM.POP.REFG,2.73E+05,http://linked.aub.edu.lb/CODEC/Lebanon/observation/social-development-Lebanon-SM.POP.REFG-1985,https://data.humdata.org/dataset/world-bank-social-development-indicators-for-lebanon,,The World Bank,http://linked.aub.edu.lb/CODEC/Lebanon/Dataset/social-development-Lebanon,1985
http://dbpedia.org/resource/Lebanon,SM.POP.REFG,2.81E+05,http://linked.aub.edu.lb/CODEC/Lebanon/observation/social-development-Lebanon-SM.POP.REFG-1986,https://data.humdata.org/dataset/world-bank-social-development-indicators-for-lebanon,,The World Bank,http://linked.aub.edu.lb/CODEC/Lebanon/Dataset/social-development-Lebanon,1986
http://dbpedia.org/resource/Lebanon,SM.POP.REFG,2.89E+05,http://linked.aub.edu.lb/CODEC/Lebanon/observation/social-development-Lebanon-SM.POP.REFG-1987,https://data.humdata.org/dataset/world-bank-social-development-indicators-for-lebanon,,The World Bank,http://linked.aub.edu.lb/CODEC/Lebanon/Dataset/social-development-Lebanon,1987
http://dbpedia.org/resource/Lebanon,SM.POP.REFG,2.97E+05,http://linked.aub.edu.lb/CODEC/Lebanon/observation/social-development-Lebanon-SM.POP.REFG-1988,https://data.humdata.org/dataset/world-bank-social-development-indicators-for-lebanon,,The World Bank,http://linked.aub.edu.lb/CODEC/Lebanon/Dataset/social-development-Lebanon,1988
http://dbpedia.org/resource/Lebanon,SM.POP.REFG,3.01E+05,http://linked.aub.edu.lb/CODEC/Lebanon/observation/social-development-Lebanon-SM.POP.REFG-1989,https://data.humdata.org/dataset/world-bank-social-development-indicators-for-lebanon,,The World Bank,http://linked.aub.edu.lb/CODEC/Lebanon/Dataset/social-development-Lebanon,1989
http://dbpedia.org/resource/Lebanon,SM.POP.REFG,3.09E+05,http://linked.aub.edu.lb/CODEC/Lebanon/observation/social-development-Lebanon-SM.POP.REFG-1990,https://data.humdata.org/dataset/world-bank-social-development-indicators-for-lebanon,,The World Bank,http://linked.aub.edu.lb/CODEC/Lebanon/Dataset/social-development-Lebanon,1990
http://dbpedia.org/resource/Lebanon,SM.POP.REFG,3.21E+05,http://linked.aub.edu.lb/CODEC/Lebanon/observation/social-development-Lebanon-SM.POP.REFG-1991,https://data.humdata.org/dataset/world-bank-social-development-indicators-for-lebanon,,The World Bank,http://linked.aub.edu.lb/CODEC/Lebanon/Dataset/social-development-Lebanon,1991
http://dbpedia.org/resource/Lebanon,SM.POP.REFG,3.30E+05,http://linked.aub.edu.lb/CODEC/Lebanon/observation/social-development-Lebanon-SM.POP.REFG-1992,https://data.humdata.org/dataset/world-bank-social-development-indicators-for-lebanon,,The World Bank,http://linked.aub.edu.lb/CODEC/Lebanon/Dataset/social-development-Lebanon,1992
http://dbpedia.org/resource/Lebanon,SM.POP.REFG,3.36E+05,http://linked.aub.edu.lb/CODEC/Lebanon/observation/social-development-Lebanon-SM.POP.REFG-1993,https://data.humdata.org/dataset/world-bank-social-development-indicators-for-lebanon,,The World Bank,http://linked.aub.edu.lb/CODEC/Lebanon/Dataset/social-development-Lebanon,1993
http://dbpedia.org/resource/Lebanon,SM.POP.REFG,3.43E+05,http://linked.aub.edu.lb/CODEC/Lebanon/observation/social-development-Lebanon-SM.POP.REFG-1994,https://data.humdata.org/dataset/world-bank-social-development-indicators-for-lebanon,,The World Bank,http://linked.aub.edu.lb/CODEC/Lebanon/Dataset/social-development-Lebanon,1994
http://dbpedia.org/resource/Lebanon,SM.POP.REFG,3.52E+05,http://linked.aub.edu.lb/CODEC/Lebanon/observation/social-development-Lebanon-SM.POP.REFG-1995,https://data.humdata.org/dataset/world-bank-social-development-indicators-for-lebanon,,The World Bank,http://linked.aub.edu.lb/CODEC/Lebanon/Dataset/social-development-Lebanon,1995
http://dbpedia.org/resource/Lebanon,SM.POP.REFG,3.59E+05,http://linked.aub.edu.lb/CODEC/Lebanon/observation/social-development-Lebanon-SM.POP.REFG-1996,https://data.humdata.org/dataset/world-bank-social-development-indicators-for-lebanon,,The World Bank,http://linked.aub.edu.lb/CODEC/Lebanon/Dataset/social-development-Lebanon,1996
http://dbpedia.org/resource/Lebanon,SM.POP.REFG,3.65E+05,http://linked.aub.edu.lb/CODEC/Lebanon/observation/social-development-Lebanon-SM.POP.REFG-1997,https://data.humdata.org/dataset/world-bank-social-development-indicators-for-lebanon,,The World Bank,http://linked.aub.edu.lb/CODEC/Lebanon/Dataset/social-development-Lebanon,1997
http://dbpedia.org/resource/Lebanon,SM.POP.REFG,3.71E+05,http://linked.aub.edu.lb/CODEC/Lebanon/observation/social-development-Lebanon-SM.POP.REFG-1998,https://data.humdata.org/dataset/world-bank-social-development-indicators-for-lebanon,,The World Bank,http://linked.aub.edu.lb/CODEC/Lebanon/Dataset/social-development-Lebanon,1998
http://dbpedia.org/resource/Lebanon,SM.POP.REFG,3.78E+05,http://linked.aub.edu.lb/CODEC/Lebanon/observation/social-development-Lebanon-SM.POP.REFG-1999,https://data.humdata.org/dataset/world-bank-social-development-indicators-for-lebanon,,The World Bank,http://linked.aub.edu.lb/CODEC/Lebanon/Dataset/social-development-Lebanon,1999
http://dbpedia.org/resource/Lebanon,SM.POP.REFG,3.83E+05,http://linked.aub.edu.lb/CODEC/Lebanon/observation/social-development-Lebanon-SM.POP.REFG-2000,https://data.humdata.org/dataset/world-bank-social-development-indicators-for-lebanon,,The World Bank,http://linked.aub.edu.lb/CODEC/Lebanon/Dataset/social-development-Lebanon,2000
http://dbpedia.org/resource/Lebanon,SM.POP.REFG,3.88E+05,http://linked.aub.edu.lb/CODEC/Lebanon/observation/social-development-Lebanon-SM.POP.REFG-2001,https://data.humdata.org/dataset/world-bank-social-development-indicators-for-lebanon,,The World Bank,http://linked.aub.edu.lb/CODEC/Lebanon/Dataset/social-development-Lebanon,2001
http://dbpedia.org/resource/Lebanon,SM.POP.REFG,3.92E+05,http://linked.aub.edu.lb/CODEC/Lebanon/observation/social-development-Lebanon-SM.POP.REFG-2002,https://data.humdata.org/dataset/world-bank-social-development-indicators-for-lebanon,,The World Bank,http://linked.aub.edu.lb/CODEC/Lebanon/Dataset/social-development-Lebanon,2002
http://dbpedia.org/resource/Lebanon,SM.POP.REFG,3.97E+05,http://linked.aub.edu.lb/CODEC/Lebanon/observation/social-development-Lebanon-SM.POP.REFG-2003,https://data.humdata.org/dataset/world-bank-social-development-indicators-for-lebanon,,The World Bank,http://linked.aub.edu.lb/CODEC/Lebanon/Dataset/social-development-Lebanon,2003
http://dbpedia.org/resource/Lebanon,SM.POP.REFG,4.01E+05,http://linked.aub.edu.lb/CODEC/Lebanon/observation/social-development-Lebanon-SM.POP.REFG-2004,https://data.humdata.org/dataset/world-bank-social-development-indicators-for-lebanon,,The World Bank,http://linked.aub.edu.lb/CODEC/Lebanon/Dataset/social-development-Lebanon,2004
http://dbpedia.org/resource/Lebanon,SM.POP.REFG,4.05E+05,http://linked.aub.edu.lb/CODEC/Lebanon/observation/social-development-Lebanon-SM.POP.REFG-2005,https://data.humdata.org/dataset/world-bank-social-development-indicators-for-lebanon,,The World Bank,http://linked.aub.edu.lb/CODEC/Lebanon/Dataset/social-development-Lebanon,2005
http://dbpedia.org/resource/Lebanon,SM.POP.REFG,4.29E+05,http://linked.aub.edu.lb/CODEC/Lebanon/observation/social-development-Lebanon-SM.POP.REFG-2006,https://data.humdata.org/dataset/world-bank-social-development-indicators-for-lebanon,,The World Bank,http://linked.aub.edu.lb/CODEC/Lebanon/Dataset/social-development-Lebanon,2006
http://dbpedia.org/resource/Lebanon,SM.POP.REFG,4.64E+05,http://linked.aub.edu.lb/CODEC/Lebanon/observation/social-development-Lebanon-SM.POP.REFG-2007,https://data.humdata.org/dataset/world-bank-social-development-indicators-for-lebanon,,The World Bank,http://linked.aub.edu.lb/CODEC/Lebanon/Dataset/social-development-Lebanon,2007
http://dbpedia.org/resource/Lebanon,SM.POP.REFG,4.73E+05,http://linked.aub.edu.lb/CODEC/Lebanon/observation/social-development-Lebanon-SM.POP.REFG-2008,https://data.humdata.org/dataset/world-bank-social-development-indicators-for-lebanon,,The World Bank,http://linked.aub.edu.lb/CODEC/Lebanon/Dataset/social-development-Lebanon,2008
http://dbpedia.org/resource/Lebanon,SM.POP.REFG,4.76E+05,http://linked.aub.edu.lb/CODEC/Lebanon/observation/social-development-Lebanon-SM.POP.REFG-2009,https://data.humdata.org/dataset/world-bank-social-development-indicators-for-lebanon,,The World Bank,http://linked.aub.edu.lb/CODEC/Lebanon/Dataset/social-development-Lebanon,2009
http://dbpedia.org/resource/Lebanon,SM.POP.REFG,4.38E+05,http://linked.aub.edu.lb/CODEC/Lebanon/observation/social-development-Lebanon-SM.POP.REFG-2010,https://data.humdata.org/dataset/world-bank-social-development-indicators-for-lebanon,,The World Bank,http://linked.aub.edu.lb/CODEC/Lebanon/Dataset/social-development-Lebanon,2010
http://dbpedia.org/resource/Lebanon,SM.POP.REFG,4.45E+05,http://linked.aub.edu.lb/CODEC/Lebanon/observation/social-development-Lebanon-SM.POP.REFG-2011,https://data.humdata.org/dataset/world-bank-social-development-indicators-for-lebanon,,The World Bank,http://linked.aub.edu.lb/CODEC/Lebanon/Dataset/social-development-Lebanon,2011
http://dbpedia.org/resource/Lebanon,SM.POP.REFG,5.75E+05,http://linked.aub.edu.lb/CODEC/Lebanon/observation/social-development-Lebanon-SM.POP.REFG-2012,https://data.humdata.org/dataset/world-bank-social-development-indicators-for-lebanon,,The World Bank,http://linked.aub.edu.lb/CODEC/Lebanon/Dataset/social-development-Lebanon,2012
http://dbpedia.org/resource/Lebanon,SM.POP.REFG,1.30E+06,http://linked.aub.edu.lb/CODEC/Lebanon/observation/social-development-Lebanon-SM.POP.REFG-2013,https://data.humdata.org/dataset/world-bank-social-development-indicators-for-lebanon,,The World Bank,http://linked.aub.edu.lb/CODEC/Lebanon/Dataset/social-development-Lebanon,2013
http://dbpedia.org/resource/Lebanon,SM.POP.REFG,1.61E+06,http://linked.aub.edu.lb/CODEC/Lebanon/observation/social-development-Lebanon-SM.POP.REFG-2014,https://data.humdata.org/dataset/world-bank-social-development-indicators-for-lebanon,,The World Bank,http://linked.aub.edu.lb/CODEC/Lebanon/Dataset/social-development-Lebanon,2014
http://dbpedia.org/resource/Lebanon,SM.POP.REFG,1.53E+06,http://linked.aub.edu.lb/CODEC/Lebanon/observation/social-development-Lebanon-SM.POP.REFG-2015,https://data.humdata.org/dataset/world-bank-social-development-indicators-for-lebanon,,The World Bank,http://linked.aub.edu.lb/CODEC/Lebanon/Dataset/social-development-Lebanon,2015
http://dbpedia.org/resource/Lebanon,SM.POP.REFG,1.48E+06,http://linked.aub.edu.lb/CODEC/Lebanon/observation/social-development-Lebanon-SM.POP.REFG-2016,https://data.humdata.org/dataset/world-bank-social-development-indicators-for-lebanon,,The World Bank,http://linked.aub.edu.lb/CODEC/Lebanon/Dataset/social-development-Lebanon,2016
http://dbpedia.org/resource/Lebanon,SM.POP.REFG,1.47E+06,http://linked.aub.edu.lb/CODEC/Lebanon/observation/social-development-Lebanon-SM.POP.REFG-2017,https://data.humdata.org/dataset/world-bank-social-development-indicators-for-lebanon,,The World Bank,http://linked.aub.edu.lb/CODEC/Lebanon/Dataset/social-development-Lebanon,2017
http://dbpedia.org/resource/Lebanon,SM.POP.REFG,1.42E+06,http://linked.aub.edu.lb/CODEC/Lebanon/observation/social-development-Lebanon-SM.POP.REFG-2018,https://data.humdata.org/dataset/world-bank-social-development-indicators-for-lebanon,,The World Bank,http://linked.aub.edu.lb/CODEC/Lebanon/Dataset/social-development-Lebanon,2018
http://dbpedia.org/resource/Lebanon,SM.POP.REFG,1.39E+06,http://linked.aub.edu.lb/CODEC/Lebanon/observation/social-development-Lebanon-SM.POP.REFG-2019,https://data.humdata.org/dataset/world-bank-social-development-indicators-for-lebanon,,The World Bank,http://linked.aub.edu.lb/CODEC/Lebanon/Dataset/social-development-Lebanon,2019
http://dbpedia.org/resource/Lebanon,SM.POP.REFG,1.35E+06,http://linked.aub.edu.lb/CODEC/Lebanon/observation/social-development-Lebanon-SM.POP.REFG-2020,https://data.humdata.org/dataset/world-bank-social-development-indicators-for-lebanon,,The World Bank,http://linked.aub.edu.lb/CODEC/Lebanon/Dataset/social-development-Lebanon,2020
http://dbpedia.org/resource/Lebanon,SM.POP.REFG,1.33E+06,http://linked.aub.edu.lb/CODEC/Lebanon/observation/social-development-Lebanon-SM.POP.REFG-2021,https://data.humdata.org/dataset/world-bank-social-development-indicators-for-lebanon,,The World Bank,http://linked.aub.edu.lb/CODEC/Lebanon/Dataset/social-development-Lebanon,2021
http://dbpedia.org/resource/Lebanon,SM.POP.REFG,1.31E+06,http://linked.aub.edu.lb/CODEC/Lebanon/observation/social-development-Lebanon-SM.POP.REFG-2022,https://data.humdata.org/dataset/world-bank-social-development-indicators-for-lebanon,,The World Bank,http://linked.aub.edu.lb/CODEC/Lebanon/Dataset/social-development-Lebanon,2022
http://dbpedia.org/resource/Lebanon,SM.POP.REFG.OR,1.26E+04,http://linked.aub.edu.lb/CODEC/Lebanon/observation/social-development-Lebanon-SM.POP.REFG.OR-1982,https://data.humdata.org/dataset/world-bank-social-development-indicators-for-lebanon,,The World Bank,http://linked.aub.edu.lb/CODEC/Lebanon/Dataset/social-development-Lebanon,1982
http://dbpedia.org/resource/Lebanon,SM.POP.REFG.OR,2.73E+04,http://linked.aub.edu.lb/CODEC/Lebanon/observation/social-development-Lebanon-SM.POP.REFG.OR-1983,https://data.humdata.org/dataset/world-bank-social-development-indicators-for-lebanon,,The World Bank,http://linked.aub.edu.lb/CODEC/Lebanon/Dataset/social-development-Lebanon,1983
http://dbpedia.org/resource/Lebanon,SM.POP.REFG.OR,3.01E+04,http://linked.aub.edu.lb/CODEC/Lebanon/observation/social-development-Lebanon-SM.POP.REFG.OR-1984,https://data.humdata.org/dataset/world-bank-social-development-indicators-for-lebanon,,The World Bank,http://linked.aub.edu.lb/CODEC/Lebanon/Dataset/social-development-Lebanon,1984
http://dbpedia.org/resource/Lebanon,SM.POP.REFG.OR,3.31E+04,http://linked.aub.edu.lb/CODEC/Lebanon/observation/social-development-Lebanon-SM.POP.REFG.OR-1985,https://data.humdata.org/dataset/world-bank-social-development-indicators-for-lebanon,,The World Bank,http://linked.aub.edu.lb/CODEC/Lebanon/Dataset/social-development-Lebanon,1985
http://dbpedia.org/resource/Lebanon,SM.POP.REFG.OR,6.30E+02,http://linked.aub.edu.lb/CODEC/Lebanon/observation/social-development-Lebanon-SM.POP.REFG.OR-1986,https://data.humdata.org/dataset/world-bank-social-development-indicators-for-lebanon,,The World Bank,http://linked.aub.edu.lb/CODEC/Lebanon/Dataset/social-development-Lebanon,1986
http://dbpedia.org/resource/Lebanon,SM.POP.REFG.OR,4.39E+02,http://linked.aub.edu.lb/CODEC/Lebanon/observation/social-development-Lebanon-SM.POP.REFG.OR-1988,https://data.humdata.org/dataset/world-bank-social-development-indicators-for-lebanon,,The World Bank,http://linked.aub.edu.lb/CODEC/Lebanon/Dataset/social-development-Lebanon,1988
http://dbpedia.org/resource/Lebanon,SM.POP.REFG.OR,2.20E+03,http://linked.aub.edu.lb/CODEC/Lebanon/observation/social-development-Lebanon-SM.POP.REFG.OR-1989,https://data.humdata.org/dataset/world-bank-social-development-indicators-for-lebanon,,The World Bank,http://linked.aub.edu.lb/CODEC/Lebanon/Dataset/social-development-Lebanon,1989
http://dbpedia.org/resource/Lebanon,SM.POP.REFG.OR,6.99E+03,http://linked.aub.edu.lb/CODEC/Lebanon/observation/social-development-Lebanon-SM.POP.REFG.OR-1990,https://data.humdata.org/dataset/world-bank-social-development-indicators-for-lebanon,,The World Bank,http://linked.aub.edu.lb/CODEC/Lebanon/Dataset/social-development-Lebanon,1990
http://dbpedia.org/resource/Lebanon,SM.POP.REFG.OR,8.50E+03,http://linked.aub.edu.lb/CODEC/Lebanon/observation/social-development-Lebanon-SM.POP.REFG.OR-1991,https://data.humdata.org/dataset/world-bank-social-development-indicators-for-lebanon,,The World Bank,http://linked.aub.edu.lb/CODEC/Lebanon/Dataset/social-development-Lebanon,1991
http://dbpedia.org/resource/Lebanon,SM.POP.REFG.OR,1.03E+04,http://linked.aub.edu.lb/CODEC/Lebanon/observation/social-development-Lebanon-SM.POP.REFG.OR-1992,https://data.humdata.org/dataset/world-bank-social-development-indicators-for-lebanon,,The World Bank,http://linked.aub.edu.lb/CODEC/Lebanon/Dataset/social-development-Lebanon,1992
http://dbpedia.org/resource/Lebanon,SM.POP.REFG.OR,1.06E+04,http://linked.aub.edu.lb/CODEC/Lebanon/observation/social-development-Lebanon-SM.POP.REFG.OR-1993,https://data.humdata.org/dataset/world-bank-social-development-indicators-for-lebanon,,The World Bank,http://linked.aub.edu.lb/CODEC/Lebanon/Dataset/social-development-Lebanon,1993
http://dbpedia.org/resource/Lebanon,SM.POP.REFG.OR,1.56E+04,http://linked.aub.edu.lb/CODEC/Lebanon/observation/social-development-Lebanon-SM.POP.REFG.OR-1994,https://data.humdata.org/dataset/world-bank-social-development-indicators-for-lebanon,,The World Bank,http://linked.aub.edu.lb/CODEC/Lebanon/Dataset/social-development-Lebanon,1994
http://dbpedia.org/resource/Lebanon,SM.POP.REFG.OR,1.35E+04,http://linked.aub.edu.lb/CODEC/Lebanon/observation/social-development-Lebanon-SM.POP.REFG.OR-1995,https://data.humdata.org/dataset/world-bank-social-development-indicators-for-lebanon,,The World Bank,http://linked.aub.edu.lb/CODEC/Lebanon/Dataset/social-development-Lebanon,1995
http://dbpedia.org/resource/Lebanon,SM.POP.REFG.OR,1.09E+04,http://linked.aub.edu.lb/CODEC/Lebanon/observation/social-development-Lebanon-SM.POP.REFG.OR-1996,https://data.humdata.org/dataset/world-bank-social-development-indicators-for-lebanon,,The World Bank,http://linked.aub.edu.lb/CODEC/Lebanon/Dataset/social-development-Lebanon,1996
http://dbpedia.org/resource/Lebanon,SM.POP.REFG.OR,1.02E+04,http://linked.aub.edu.lb/CODEC/Lebanon/observation/social-development-Lebanon-SM.POP.REFG.OR-1997,https://data.humdata.org/dataset/world-bank-social-development-indicators-for-lebanon,,The World Bank,http://linked.aub.edu.lb/CODEC/Lebanon/Dataset/social-development-Lebanon,1997
http://dbpedia.org/resource/Lebanon,SM.POP.REFG.OR,9.78E+03,http://linked.aub.edu.lb/CODEC/Lebanon/observation/social-development-Lebanon-SM.POP.REFG.OR-1998,https://data.humdata.org/dataset/world-bank-social-development-indicators-for-lebanon,,The World Bank,http://linked.aub.edu.lb/CODEC/Lebanon/Dataset/social-development-Lebanon,1998
http://dbpedia.org/resource/Lebanon,SM.POP.REFG.OR,7.68E+03,http://linked.aub.edu.lb/CODEC/Lebanon/observation/social-development-Lebanon-SM.POP.REFG.OR-1999,https://data.humdata.org/dataset/world-bank-social-development-indicators-for-lebanon,,The World Bank,http://linked.aub.edu.lb/CODEC/Lebanon/Dataset/social-development-Lebanon,1999
http://dbpedia.org/resource/Lebanon,SM.POP.REFG.OR,1.02E+04,http://linked.aub.edu.lb/CODEC/Lebanon/observation/social-development-Lebanon-SM.POP.REFG.OR-2000,https://data.humdata.org/dataset/world-bank-social-development-indicators-for-lebanon,,The World Bank,http://linked.aub.edu.lb/CODEC/Lebanon/Dataset/social-development-Lebanon,2000
http://dbpedia.org/resource/Lebanon,SM.POP.REFG.OR,8.75E+03,http://linked.aub.edu.lb/CODEC/Lebanon/observation/social-development-Lebanon-SM.POP.REFG.OR-2001,https://data.humdata.org/dataset/world-bank-social-development-indicators-for-lebanon,,The World Bank,http://linked.aub.edu.lb/CODEC/Lebanon/Dataset/social-development-Lebanon,2001
http://dbpedia.org/resource/Lebanon,SM.POP.REFG.OR,2.63E+04,http://linked.aub.edu.lb/CODEC/Lebanon/observation/social-development-Lebanon-SM.POP.REFG.OR-2002,https://data.humdata.org/dataset/world-bank-social-development-indicators-for-lebanon,,The World Bank,http://linked.aub.edu.lb/CODEC/Lebanon/Dataset/social-development-Lebanon,2002
http://dbpedia.org/resource/Lebanon,SM.POP.REFG.OR,2.49E+04,http://linked.aub.edu.lb/CODEC/Lebanon/observation/social-development-Lebanon-SM.POP.REFG.OR-2003,https://data.humdata.org/dataset/world-bank-social-development-indicators-for-lebanon,,The World Bank,http://linked.aub.edu.lb/CODEC/Lebanon/Dataset/social-development-Lebanon,2003
http://dbpedia.org/resource/Lebanon,SM.POP.REFG.OR,1.99E+04,http://linked.aub.edu.lb/CODEC/Lebanon/observation/social-development-Lebanon-SM.POP.REFG.OR-2004,https://data.humdata.org/dataset/world-bank-social-development-indicators-for-lebanon,,The World Bank,http://linked.aub.edu.lb/CODEC/Lebanon/Dataset/social-development-Lebanon,2004
http://dbpedia.org/resource/Lebanon,SM.POP.REFG.OR,1.83E+04,http://linked.aub.edu.lb/CODEC/Lebanon/observation/social-development-Lebanon-SM.POP.REFG.OR-2005,https://data.humdata.org/dataset/world-bank-social-development-indicators-for-lebanon,,The World Bank,http://linked.aub.edu.lb/CODEC/Lebanon/Dataset/social-development-Lebanon,2005
http://dbpedia.org/resource/Lebanon,SM.POP.REFG.OR,1.22E+04,http://linked.aub.edu.lb/CODEC/Lebanon/observation/social-development-Lebanon-SM.POP.REFG.OR-2006,https://data.humdata.org/dataset/world-bank-social-development-indicators-for-lebanon,,The World Bank,http://linked.aub.edu.lb/CODEC/Lebanon/Dataset/social-development-Lebanon,2006
http://dbpedia.org/resource/Lebanon,SM.POP.REFG.OR,1.31E+04,http://linked.aub.edu.lb/CODEC/Lebanon/observation/social-development-Lebanon-SM.POP.REFG.OR-2007,https://data.humdata.org/dataset/world-bank-social-development-indicators-for-lebanon,,The World Bank,http://linked.aub.edu.lb/CODEC/Lebanon/Dataset/social-development-Lebanon,2007
http://dbpedia.org/resource/Lebanon,SM.POP.REFG.OR,1.30E+04,http://linked.aub.edu.lb/CODEC/Lebanon/observation/social-development-Lebanon-SM.POP.REFG.OR-2008,https://data.humdata.org/dataset/world-bank-social-development-indicators-for-lebanon,,The World Bank,http://linked.aub.edu.lb/CODEC/Lebanon/Dataset/social-development-Lebanon,2008
http://dbpedia.org/resource/Lebanon,SM.POP.REFG.OR,1.63E+04,http://linked.aub.edu.lb/CODEC/Lebanon/observation/social-development-Lebanon-SM.POP.REFG.OR-2009,https://data.humdata.org/dataset/world-bank-social-development-indicators-for-lebanon,,The World Bank,http://linked.aub.edu.lb/CODEC/Lebanon/Dataset/social-development-Lebanon,2009
http://dbpedia.org/resource/Lebanon,SM.POP.REFG.OR,1.59E+04,http://linked.aub.edu.lb/CODEC/Lebanon/observation/social-development-Lebanon-SM.POP.REFG.OR-2010,https://data.humdata.org/dataset/world-bank-social-development-indicators-for-lebanon,,The World Bank,http://linked.aub.edu.lb/CODEC/Lebanon/Dataset/social-development-Lebanon,2010
http://dbpedia.org/resource/Lebanon,SM.POP.REFG.OR,1.50E+04,http://linked.aub.edu.lb/CODEC/Lebanon/observation/social-development-Lebanon-SM.POP.REFG.OR-2011,https://data.humdata.org/dataset/world-bank-social-development-indicators-for-lebanon,,The World Bank,http://linked.aub.edu.lb/CODEC/Lebanon/Dataset/social-development-Lebanon,2011
http://dbpedia.org/resource/Lebanon,SM.POP.REFG.OR,1.51E+04,http://linked.aub.edu.lb/CODEC/Lebanon/observation/social-development-Lebanon-SM.POP.REFG.OR-2012,https://data.humdata.org/dataset/world-bank-social-development-indicators-for-lebanon,,The World Bank,http://linked.aub.edu.lb/CODEC/Lebanon/Dataset/social-development-Lebanon,2012
http://dbpedia.org/resource/Lebanon,SM.POP.REFG.OR,3.81E+03,http://linked.aub.edu.lb/CODEC/Lebanon/observation/social-development-Lebanon-SM.POP.REFG.OR-2013,https://data.humdata.org/dataset/world-bank-social-development-indicators-for-lebanon,,The World Bank,http://linked.aub.edu.lb/CODEC/Lebanon/Dataset/social-development-Lebanon,2013
http://dbpedia.org/resource/Lebanon,SM.POP.REFG.OR,4.26E+03,http://linked.aub.edu.lb/CODEC/Lebanon/observation/social-development-Lebanon-SM.POP.REFG.OR-2014,https://data.humdata.org/dataset/world-bank-social-development-indicators-for-lebanon,,The World Bank,http://linked.aub.edu.lb/CODEC/Lebanon/Dataset/social-development-Lebanon,2014
http://dbpedia.org/resource/Lebanon,SM.POP.REFG.OR,4.35E+03,http://linked.aub.edu.lb/CODEC/Lebanon/observation/social-development-Lebanon-SM.POP.REFG.OR-2015,https://data.humdata.org/dataset/world-bank-social-development-indicators-for-lebanon,,The World Bank,http://linked.aub.edu.lb/CODEC/Lebanon/Dataset/social-development-Lebanon,2015
http://dbpedia.org/resource/Lebanon,SM.POP.REFG.OR,4.72E+03,http://linked.aub.edu.lb/CODEC/Lebanon/observation/social-development-Lebanon-SM.POP.REFG.OR-2016,https://data.humdata.org/dataset/world-bank-social-development-indicators-for-lebanon,,The World Bank,http://linked.aub.edu.lb/CODEC/Lebanon/Dataset/social-development-Lebanon,2016
http://dbpedia.org/resource/Lebanon,SM.POP.REFG.OR,5.30E+03,http://linked.aub.edu.lb/CODEC/Lebanon/observation/social-development-Lebanon-SM.POP.REFG.OR-2017,https://data.humdata.org/dataset/world-bank-social-development-indicators-for-lebanon,,The World Bank,http://linked.aub.edu.lb/CODEC/Lebanon/Dataset/social-development-Lebanon,2017
http://dbpedia.org/resource/Lebanon,SM.POP.REFG.OR,5.62E+03,http://linked.aub.edu.lb/CODEC/Lebanon/observation/social-development-Lebanon-SM.POP.REFG.OR-2018,https://data.humdata.org/dataset/world-bank-social-development-indicators-for-lebanon,,The World Bank,http://linked.aub.edu.lb/CODEC/Lebanon/Dataset/social-development-Lebanon,2018
http://dbpedia.org/resource/Lebanon,SM.POP.REFG.OR,5.65E+03,http://linked.aub.edu.lb/CODEC/Lebanon/observation/social-development-Lebanon-SM.POP.REFG.OR-2019,https://data.humdata.org/dataset/world-bank-social-development-indicators-for-lebanon,,The World Bank,http://linked.aub.edu.lb/CODEC/Lebanon/Dataset/social-development-Lebanon,2019
http://dbpedia.org/resource/Lebanon,SM.POP.REFG.OR,5.50E+03,http://linked.aub.edu.lb/CODEC/Lebanon/observation/social-development-Lebanon-SM.POP.REFG.OR-2020,https://data.humdata.org/dataset/world-bank-social-development-indicators-for-lebanon,,The World Bank,http://linked.aub.edu.lb/CODEC/Lebanon/Dataset/social-development-Lebanon,2020
http://dbpedia.org/resource/Lebanon,SM.POP.REFG.OR,6.06E+03,http://linked.aub.edu.lb/CODEC/Lebanon/observation/social-development-Lebanon-SM.POP.REFG.OR-2021,https://data.humdata.org/dataset/world-bank-social-development-indicators-for-lebanon,,The World Bank,http://linked.aub.edu.lb/CODEC/Lebanon/Dataset/social-development-Lebanon,2021
http://dbpedia.org/resource/Lebanon,SM.POP.REFG.OR,6.68E+03,http://linked.aub.edu.lb/CODEC/Lebanon/observation/social-development-Lebanon-SM.POP.REFG.OR-2022,https://data.humdata.org/dataset/world-bank-social-development-indicators-for-lebanon,,The World Bank,http://linked.aub.edu.lb/CODEC/Lebanon/Dataset/social-development-Lebanon,2022
http://dbpedia.org/resource/Lebanon,SP.ADO.TFRT,9.23E+01,http://linked.aub.edu.lb/CODEC/Lebanon/observation/social-development-Lebanon-SP.ADO.TFRT-1960,https://data.humdata.org/dataset/world-bank-social-development-indicators-for-lebanon,,The World Bank,http://linked.aub.edu.lb/CODEC/Lebanon/Dataset/social-development-Lebanon,1960
http://dbpedia.org/resource/Lebanon,SP.ADO.TFRT,9.10E+01,http://linked.aub.edu.lb/CODEC/Lebanon/observation/social-development-Lebanon-SP.ADO.TFRT-1961,https://data.humdata.org/dataset/world-bank-social-development-indicators-for-lebanon,,The World Bank,http://linked.aub.edu.lb/CODEC/Lebanon/Dataset/social-development-Lebanon,1961
http://dbpedia.org/resource/Lebanon,SP.ADO.TFRT,9.04E+01,http://linked.aub.edu.lb/CODEC/Lebanon/observation/social-development-Lebanon-SP.ADO.TFRT-1962,https://data.humdata.org/dataset/world-bank-social-development-indicators-for-lebanon,,The World Bank,http://linked.aub.edu.lb/CODEC/Lebanon/Dataset/social-development-Lebanon,1962
http://dbpedia.org/resource/Lebanon,SP.ADO.TFRT,8.96E+01,http://linked.aub.edu.lb/CODEC/Lebanon/observation/social-development-Lebanon-SP.ADO.TFRT-1963,https://data.humdata.org/dataset/world-bank-social-development-indicators-for-lebanon,,The World Bank,http://linked.aub.edu.lb/CODEC/Lebanon/Dataset/social-development-Lebanon,1963
http://dbpedia.org/resource/Lebanon,SP.ADO.TFRT,8.62E+01,http://linked.aub.edu.lb/CODEC/Lebanon/observation/social-development-Lebanon-SP.ADO.TFRT-1964,https://data.humdata.org/dataset/world-bank-social-development-indicators-for-lebanon,,The World Bank,http://linked.aub.edu.lb/CODEC/Lebanon/Dataset/social-development-Lebanon,1964
http://dbpedia.org/resource/Lebanon,SP.ADO.TFRT,8.24E+01,http://linked.aub.edu.lb/CODEC/Lebanon/observation/social-development-Lebanon-SP.ADO.TFRT-1965,https://data.humdata.org/dataset/world-bank-social-development-indicators-for-lebanon,,The World Bank,http://linked.aub.edu.lb/CODEC/Lebanon/Dataset/social-development-Lebanon,1965
http://dbpedia.org/resource/Lebanon,SP.ADO.TFRT,7.89E+01,http://linked.aub.edu.lb/CODEC/Lebanon/observation/social-development-Lebanon-SP.ADO.TFRT-1966,https://data.humdata.org/dataset/world-bank-social-development-indicators-for-lebanon,,The World Bank,http://linked.aub.edu.lb/CODEC/Lebanon/Dataset/social-development-Lebanon,1966
http://dbpedia.org/resource/Lebanon,SP.ADO.TFRT,7.75E+01,http://linked.aub.edu.lb/CODEC/Lebanon/observation/social-development-Lebanon-SP.ADO.TFRT-1967,https://data.humdata.org/dataset/world-bank-social-development-indicators-for-lebanon,,The World Bank,http://linked.aub.edu.lb/CODEC/Lebanon/Dataset/social-development-Lebanon,1967
http://dbpedia.org/resource/Lebanon,SP.ADO.TFRT,7.69E+01,http://linked.aub.edu.lb/CODEC/Lebanon/observation/social-development-Lebanon-SP.ADO.TFRT-1968,https://data.humdata.org/dataset/world-bank-social-development-indicators-for-lebanon,,The World Bank,http://linked.aub.edu.lb/CODEC/Lebanon/Dataset/social-development-Lebanon,1968
http://dbpedia.org/resource/Lebanon,SP.ADO.TFRT,7.64E+01,http://linked.aub.edu.lb/CODEC/Lebanon/observation/social-development-Lebanon-SP.ADO.TFRT-1969,https://data.humdata.org/dataset/world-bank-social-development-indicators-for-lebanon,,The World Bank,http://linked.aub.edu.lb/CODEC/Lebanon/Dataset/social-development-Lebanon,1969
http://dbpedia.org/resource/Lebanon,SP.ADO.TFRT,7.56E+01,http://linked.aub.edu.lb/CODEC/Lebanon/observation/social-development-Lebanon-SP.ADO.TFRT-1970,https://data.humdata.org/dataset/world-bank-social-development-indicators-for-lebanon,,The World Bank,http://linked.aub.edu.lb/CODEC/Lebanon/Dataset/social-development-Lebanon,1970
http://dbpedia.org/resource/Lebanon,SP.ADO.TFRT,7.34E+01,http://linked.aub.edu.lb/CODEC/Lebanon/observation/social-development-Lebanon-SP.ADO.TFRT-1971,https://data.humdata.org/dataset/world-bank-social-development-indicators-for-lebanon,,The World Bank,http://linked.aub.edu.lb/CODEC/Lebanon/Dataset/social-development-Lebanon,1971
http://dbpedia.org/resource/Lebanon,SP.ADO.TFRT,7.17E+01,http://linked.aub.edu.lb/CODEC/Lebanon/observation/social-development-Lebanon-SP.ADO.TFRT-1972,https://data.humdata.org/dataset/world-bank-social-development-indicators-for-lebanon,,The World Bank,http://linked.aub.edu.lb/CODEC/Lebanon/Dataset/social-development-Lebanon,1972
http://dbpedia.org/resource/Lebanon,SP.ADO.TFRT,6.95E+01,http://linked.aub.edu.lb/CODEC/Lebanon/observation/social-development-Lebanon-SP.ADO.TFRT-1973,https://data.humdata.org/dataset/world-bank-social-development-indicators-for-lebanon,,The World Bank,http://linked.aub.edu.lb/CODEC/Lebanon/Dataset/social-development-Lebanon,1973
http://dbpedia.org/resource/Lebanon,SP.ADO.TFRT,6.98E+01,http://linked.aub.edu.lb/CODEC/Lebanon/observation/social-development-Lebanon-SP.ADO.TFRT-1974,https://data.humdata.org/dataset/world-bank-social-development-indicators-for-lebanon,,The World Bank,http://linked.aub.edu.lb/CODEC/Lebanon/Dataset/social-development-Lebanon,1974
http://dbpedia.org/resource/Lebanon,SP.ADO.TFRT,6.95E+01,http://linked.aub.edu.lb/CODEC/Lebanon/observation/social-development-Lebanon-SP.ADO.TFRT-1975,https://data.humdata.org/dataset/world-bank-social-development-indicators-for-lebanon,,The World Bank,http://linked.aub.edu.lb/CODEC/Lebanon/Dataset/social-development-Lebanon,1975
http://dbpedia.org/resource/Lebanon,SP.ADO.TFRT,6.93E+01,http://linked.aub.edu.lb/CODEC/Lebanon/observation/social-development-Lebanon-SP.ADO.TFRT-1976,https://data.humdata.org/dataset/world-bank-social-development-indicators-for-lebanon,,The World Bank,http://linked.aub.edu.lb/CODEC/Lebanon/Dataset/social-development-Lebanon,1976
http://dbpedia.org/resource/Lebanon,SP.ADO.TFRT,6.85E+01,http://linked.aub.edu.lb/CODEC/Lebanon/observation/social-development-Lebanon-SP.ADO.TFRT-1977,https://data.humdata.org/dataset/world-bank-social-development-indicators-for-lebanon,,The World Bank,http://linked.aub.edu.lb/CODEC/Lebanon/Dataset/social-development-Lebanon,1977
http://dbpedia.org/resource/Lebanon,SP.ADO.TFRT,6.76E+01,http://linked.aub.edu.lb/CODEC/Lebanon/observation/social-development-Lebanon-SP.ADO.TFRT-1978,https://data.humdata.org/dataset/world-bank-social-development-indicators-for-lebanon,,The World Bank,http://linked.aub.edu.lb/CODEC/Lebanon/Dataset/social-development-Lebanon,1978
http://dbpedia.org/resource/Lebanon,SP.ADO.TFRT,6.63E+01,http://linked.aub.edu.lb/CODEC/Lebanon/observation/social-development-Lebanon-SP.ADO.TFRT-1979,https://data.humdata.org/dataset/world-bank-social-development-indicators-for-lebanon,,The World Bank,http://linked.aub.edu.lb/CODEC/Lebanon/Dataset/social-development-Lebanon,1979
http://dbpedia.org/resource/Lebanon,SP.ADO.TFRT,6.65E+01,http://linked.aub.edu.lb/CODEC/Lebanon/observation/social-development-Lebanon-SP.ADO.TFRT-1980,https://data.humdata.org/dataset/world-bank-social-development-indicators-for-lebanon,,The World Bank,http://linked.aub.edu.lb/CODEC/Lebanon/Dataset/social-development-Lebanon,1980
http://dbpedia.org/resource/Lebanon,SP.ADO.TFRT,6.77E+01,http://linked.aub.edu.lb/CODEC/Lebanon/observation/social-development-Lebanon-SP.ADO.TFRT-1981,https://data.humdata.org/dataset/world-bank-social-development-indicators-for-lebanon,,The World Bank,http://linked.aub.edu.lb/CODEC/Lebanon/Dataset/social-development-Lebanon,1981
http://dbpedia.org/resource/Lebanon,SP.ADO.TFRT,6.69E+01,http://linked.aub.edu.lb/CODEC/Lebanon/observation/social-development-Lebanon-SP.ADO.TFRT-1982,https://data.humdata.org/dataset/world-bank-social-development-indicators-for-lebanon,,The World Bank,http://linked.aub.edu.lb/CODEC/Lebanon/Dataset/social-development-Lebanon,1982
http://dbpedia.org/resource/Lebanon,SP.ADO.TFRT,6.57E+01,http://linked.aub.edu.lb/CODEC/Lebanon/observation/social-development-Lebanon-SP.ADO.TFRT-1983,https://data.humdata.org/dataset/world-bank-social-development-indicators-for-lebanon,,The World Bank,http://linked.aub.edu.lb/CODEC/Lebanon/Dataset/social-development-Lebanon,1983
http://dbpedia.org/resource/Lebanon,SP.ADO.TFRT,6.49E+01,http://linked.aub.edu.lb/CODEC/Lebanon/observation/social-development-Lebanon-SP.ADO.TFRT-1984,https://data.humdata.org/dataset/world-bank-social-development-indicators-for-lebanon,,The World Bank,http://linked.aub.edu.lb/CODEC/Lebanon/Dataset/social-development-Lebanon,1984
http://dbpedia.org/resource/Lebanon,SP.ADO.TFRT,6.35E+01,http://linked.aub.edu.lb/CODEC/Lebanon/observation/social-development-Lebanon-SP.ADO.TFRT-1985,https://data.humdata.org/dataset/world-bank-social-development-indicators-for-lebanon,,The World Bank,http://linked.aub.edu.lb/CODEC/Lebanon/Dataset/social-development-Lebanon,1985
http://dbpedia.org/resource/Lebanon,SP.ADO.TFRT,6.16E+01,http://linked.aub.edu.lb/CODEC/Lebanon/observation/social-development-Lebanon-SP.ADO.TFRT-1986,https://data.humdata.org/dataset/world-bank-social-development-indicators-for-lebanon,,The World Bank,http://linked.aub.edu.lb/CODEC/Lebanon/Dataset/social-development-Lebanon,1986
http://dbpedia.org/resource/Lebanon,SP.ADO.TFRT,5.97E+01,http://linked.aub.edu.lb/CODEC/Lebanon/observation/social-development-Lebanon-SP.ADO.TFRT-1987,https://data.humdata.org/dataset/world-bank-social-development-indicators-for-lebanon,,The World Bank,http://linked.aub.edu.lb/CODEC/Lebanon/Dataset/social-development-Lebanon,1987
http://dbpedia.org/resource/Lebanon,SP.ADO.TFRT,5.79E+01,http://linked.aub.edu.lb/CODEC/Lebanon/observation/social-development-Lebanon-SP.ADO.TFRT-1988,https://data.humdata.org/dataset/world-bank-social-development-indicators-for-lebanon,,The World Bank,http://linked.aub.edu.lb/CODEC/Lebanon/Dataset/social-development-Lebanon,1988
http://dbpedia.org/resource/Lebanon,SP.ADO.TFRT,5.50E+01,http://linked.aub.edu.lb/CODEC/Lebanon/observation/social-development-Lebanon-SP.ADO.TFRT-1989,https://data.humdata.org/dataset/world-bank-social-development-indicators-for-lebanon,,The World Bank,http://linked.aub.edu.lb/CODEC/Lebanon/Dataset/social-development-Lebanon,1989
http://dbpedia.org/resource/Lebanon,SP.ADO.TFRT,5.08E+01,http://linked.aub.edu.lb/CODEC/Lebanon/observation/social-development-Lebanon-SP.ADO.TFRT-1990,https://data.humdata.org/dataset/world-bank-social-development-indicators-for-lebanon,,The World Bank,http://linked.aub.edu.lb/CODEC/Lebanon/Dataset/social-development-Lebanon,1990
http://dbpedia.org/resource/Lebanon,SP.ADO.TFRT,4.66E+01,http://linked.aub.edu.lb/CODEC/Lebanon/observation/social-development-Lebanon-SP.ADO.TFRT-1991,https://data.humdata.org/dataset/world-bank-social-development-indicators-for-lebanon,,The World Bank,http://linked.aub.edu.lb/CODEC/Lebanon/Dataset/social-development-Lebanon,1991
http://dbpedia.org/resource/Lebanon,SP.ADO.TFRT,4.30E+01,http://linked.aub.edu.lb/CODEC/Lebanon/observation/social-development-Lebanon-SP.ADO.TFRT-1992,https://data.humdata.org/dataset/world-bank-social-development-indicators-for-lebanon,,The World Bank,http://linked.aub.edu.lb/CODEC/Lebanon/Dataset/social-development-Lebanon,1992
http://dbpedia.org/resource/Lebanon,SP.ADO.TFRT,3.85E+01,http://linked.aub.edu.lb/CODEC/Lebanon/observation/social-development-Lebanon-SP.ADO.TFRT-1993,https://data.humdata.org/dataset/world-bank-social-development-indicators-for-lebanon,,The World Bank,http://linked.aub.edu.lb/CODEC/Lebanon/Dataset/social-development-Lebanon,1993
http://dbpedia.org/resource/Lebanon,SP.ADO.TFRT,3.49E+01,http://linked.aub.edu.lb/CODEC/Lebanon/observation/social-development-Lebanon-SP.ADO.TFRT-1994,https://data.humdata.org/dataset/world-bank-social-development-indicators-for-lebanon,,The World Bank,http://linked.aub.edu.lb/CODEC/Lebanon/Dataset/social-development-Lebanon,1994
http://dbpedia.org/resource/Lebanon,SP.ADO.TFRT,3.23E+01,http://linked.aub.edu.lb/CODEC/Lebanon/observation/social-development-Lebanon-SP.ADO.TFRT-1995,https://data.humdata.org/dataset/world-bank-social-development-indicators-for-lebanon,,The World Bank,http://linked.aub.edu.lb/CODEC/Lebanon/Dataset/social-development-Lebanon,1995
http://dbpedia.org/resource/Lebanon,SP.ADO.TFRT,3.10E+01,http://linked.aub.edu.lb/CODEC/Lebanon/observation/social-development-Lebanon-SP.ADO.TFRT-1996,https://data.humdata.org/dataset/world-bank-social-development-indicators-for-lebanon,,The World Bank,http://linked.aub.edu.lb/CODEC/Lebanon/Dataset/social-development-Lebanon,1996
http://dbpedia.org/resource/Lebanon,SP.ADO.TFRT,2.93E+01,http://linked.aub.edu.lb/CODEC/Lebanon/observation/social-development-Lebanon-SP.ADO.TFRT-1997,https://data.humdata.org/dataset/world-bank-social-development-indicators-for-lebanon,,The World Bank,http://linked.aub.edu.lb/CODEC/Lebanon/Dataset/social-development-Lebanon,1997
http://dbpedia.org/resource/Lebanon,SP.ADO.TFRT,2.78E+01,http://linked.aub.edu.lb/CODEC/Lebanon/observation/social-development-Lebanon-SP.ADO.TFRT-1998,https://data.humdata.org/dataset/world-bank-social-development-indicators-for-lebanon,,The World Bank,http://linked.aub.edu.lb/CODEC/Lebanon/Dataset/social-development-Lebanon,1998
http://dbpedia.org/resource/Lebanon,SP.ADO.TFRT,2.65E+01,http://linked.aub.edu.lb/CODEC/Lebanon/observation/social-development-Lebanon-SP.ADO.TFRT-1999,https://data.humdata.org/dataset/world-bank-social-development-indicators-for-lebanon,,The World Bank,http://linked.aub.edu.lb/CODEC/Lebanon/Dataset/social-development-Lebanon,1999
http://dbpedia.org/resource/Lebanon,SP.ADO.TFRT,2.52E+01,http://linked.aub.edu.lb/CODEC/Lebanon/observation/social-development-Lebanon-SP.ADO.TFRT-2000,https://data.humdata.org/dataset/world-bank-social-development-indicators-for-lebanon,,The World Bank,http://linked.aub.edu.lb/CODEC/Lebanon/Dataset/social-development-Lebanon,2000
http://dbpedia.org/resource/Lebanon,SP.ADO.TFRT,2.47E+01,http://linked.aub.edu.lb/CODEC/Lebanon/observation/social-development-Lebanon-SP.ADO.TFRT-2001,https://data.humdata.org/dataset/world-bank-social-development-indicators-for-lebanon,,The World Bank,http://linked.aub.edu.lb/CODEC/Lebanon/Dataset/social-development-Lebanon,2001
http://dbpedia.org/resource/Lebanon,SP.ADO.TFRT,2.43E+01,http://linked.aub.edu.lb/CODEC/Lebanon/observation/social-development-Lebanon-SP.ADO.TFRT-2002,https://data.humdata.org/dataset/world-bank-social-development-indicators-for-lebanon,,The World Bank,http://linked.aub.edu.lb/CODEC/Lebanon/Dataset/social-development-Lebanon,2002
http://dbpedia.org/resource/Lebanon,SP.ADO.TFRT,2.37E+01,http://linked.aub.edu.lb/CODEC/Lebanon/observation/social-development-Lebanon-SP.ADO.TFRT-2003,https://data.humdata.org/dataset/world-bank-social-development-indicators-for-lebanon,,The World Bank,http://linked.aub.edu.lb/CODEC/Lebanon/Dataset/social-development-Lebanon,2003
http://dbpedia.org/resource/Lebanon,SP.ADO.TFRT,2.27E+01,http://linked.aub.edu.lb/CODEC/Lebanon/observation/social-development-Lebanon-SP.ADO.TFRT-2004,https://data.humdata.org/dataset/world-bank-social-development-indicators-for-lebanon,,The World Bank,http://linked.aub.edu.lb/CODEC/Lebanon/Dataset/social-development-Lebanon,2004
http://dbpedia.org/resource/Lebanon,SP.ADO.TFRT,2.17E+01,http://linked.aub.edu.lb/CODEC/Lebanon/observation/social-development-Lebanon-SP.ADO.TFRT-2005,https://data.humdata.org/dataset/world-bank-social-development-indicators-for-lebanon,,The World Bank,http://linked.aub.edu.lb/CODEC/Lebanon/Dataset/social-development-Lebanon,2005
http://dbpedia.org/resource/Lebanon,SP.ADO.TFRT,2.11E+01,http://linked.aub.edu.lb/CODEC/Lebanon/observation/social-development-Lebanon-SP.ADO.TFRT-2006,https://data.humdata.org/dataset/world-bank-social-development-indicators-for-lebanon,,The World Bank,http://linked.aub.edu.lb/CODEC/Lebanon/Dataset/social-development-Lebanon,2006
http://dbpedia.org/resource/Lebanon,SP.ADO.TFRT,2.06E+01,http://linked.aub.edu.lb/CODEC/Lebanon/observation/social-development-Lebanon-SP.ADO.TFRT-2007,https://data.humdata.org/dataset/world-bank-social-development-indicators-for-lebanon,,The World Bank,http://linked.aub.edu.lb/CODEC/Lebanon/Dataset/social-development-Lebanon,2007
http://dbpedia.org/resource/Lebanon,SP.ADO.TFRT,2.07E+01,http://linked.aub.edu.lb/CODEC/Lebanon/observation/social-development-Lebanon-SP.ADO.TFRT-2008,https://data.humdata.org/dataset/world-bank-social-development-indicators-for-lebanon,,The World Bank,http://linked.aub.edu.lb/CODEC/Lebanon/Dataset/social-development-Lebanon,2008
http://dbpedia.org/resource/Lebanon,SP.ADO.TFRT,2.08E+01,http://linked.aub.edu.lb/CODEC/Lebanon/observation/social-development-Lebanon-SP.ADO.TFRT-2009,https://data.humdata.org/dataset/world-bank-social-development-indicators-for-lebanon,,The World Bank,http://linked.aub.edu.lb/CODEC/Lebanon/Dataset/social-development-Lebanon,2009
http://dbpedia.org/resource/Lebanon,SP.ADO.TFRT,2.15E+01,http://linked.aub.edu.lb/CODEC/Lebanon/observation/social-development-Lebanon-SP.ADO.TFRT-2010,https://data.humdata.org/dataset/world-bank-social-development-indicators-for-lebanon,,The World Bank,http://linked.aub.edu.lb/CODEC/Lebanon/Dataset/social-development-Lebanon,2010
http://dbpedia.org/resource/Lebanon,SP.ADO.TFRT,2.18E+01,http://linked.aub.edu.lb/CODEC/Lebanon/observation/social-development-Lebanon-SP.ADO.TFRT-2011,https://data.humdata.org/dataset/world-bank-social-development-indicators-for-lebanon,,The World Bank,http://linked.aub.edu.lb/CODEC/Lebanon/Dataset/social-development-Lebanon,2011
http://dbpedia.org/resource/Lebanon,SP.ADO.TFRT,2.19E+01,http://linked.aub.edu.lb/CODEC/Lebanon/observation/social-development-Lebanon-SP.ADO.TFRT-2012,https://data.humdata.org/dataset/world-bank-social-development-indicators-for-lebanon,,The World Bank,http://linked.aub.edu.lb/CODEC/Lebanon/Dataset/social-development-Lebanon,2012
http://dbpedia.org/resource/Lebanon,SP.ADO.TFRT,2.19E+01,http://linked.aub.edu.lb/CODEC/Lebanon/observation/social-development-Lebanon-SP.ADO.TFRT-2013,https://data.humdata.org/dataset/world-bank-social-development-indicators-for-lebanon,,The World Bank,http://linked.aub.edu.lb/CODEC/Lebanon/Dataset/social-development-Lebanon,2013
http://dbpedia.org/resource/Lebanon,SP.ADO.TFRT,2.21E+01,http://linked.aub.edu.lb/CODEC/Lebanon/observation/social-development-Lebanon-SP.ADO.TFRT-2014,https://data.humdata.org/dataset/world-bank-social-development-indicators-for-lebanon,,The World Bank,http://linked.aub.edu.lb/CODEC/Lebanon/Dataset/social-development-Lebanon,2014
http://dbpedia.org/resource/Lebanon,SP.ADO.TFRT,2.20E+01,http://linked.aub.edu.lb/CODEC/Lebanon/observation/social-development-Lebanon-SP.ADO.TFRT-2015,https://data.humdata.org/dataset/world-bank-social-development-indicators-for-lebanon,,The World Bank,http://linked.aub.edu.lb/CODEC/Lebanon/Dataset/social-development-Lebanon,2015
http://dbpedia.org/resource/Lebanon,SP.ADO.TFRT,2.19E+01,http://linked.aub.edu.lb/CODEC/Lebanon/observation/social-development-Lebanon-SP.ADO.TFRT-2016,https://data.humdata.org/dataset/world-bank-social-development-indicators-for-lebanon,,The World Bank,http://linked.aub.edu.lb/CODEC/Lebanon/Dataset/social-development-Lebanon,2016
http://dbpedia.org/resource/Lebanon,SP.ADO.TFRT,2.18E+01,http://linked.aub.edu.lb/CODEC/Lebanon/observation/social-development-Lebanon-SP.ADO.TFRT-2017,https://data.humdata.org/dataset/world-bank-social-development-indicators-for-lebanon,,The World Bank,http://linked.aub.edu.lb/CODEC/Lebanon/Dataset/social-development-Lebanon,2017
http://dbpedia.org/resource/Lebanon,SP.ADO.TFRT,2.13E+01,http://linked.aub.edu.lb/CODEC/Lebanon/observation/social-development-Lebanon-SP.ADO.TFRT-2018,https://data.humdata.org/dataset/world-bank-social-development-indicators-for-lebanon,,The World Bank,http://linked.aub.edu.lb/CODEC/Lebanon/Dataset/social-development-Lebanon,2018
http://dbpedia.org/resource/Lebanon,SP.ADO.TFRT,2.09E+01,http://linked.aub.edu.lb/CODEC/Lebanon/observation/social-development-Lebanon-SP.ADO.TFRT-2019,https://data.humdata.org/dataset/world-bank-social-development-indicators-for-lebanon,,The World Bank,http://linked.aub.edu.lb/CODEC/Lebanon/Dataset/social-development-Lebanon,2019
http://dbpedia.org/resource/Lebanon,SP.ADO.TFRT,2.05E+01,http://linked.aub.edu.lb/CODEC/Lebanon/observation/social-development-Lebanon-SP.ADO.TFRT-2020,https://data.humdata.org/dataset/world-bank-social-development-indicators-for-lebanon,,The World Bank,http://linked.aub.edu.lb/CODEC/Lebanon/Dataset/social-development-Lebanon,2020
http://dbpedia.org/resource/Lebanon,SP.ADO.TFRT,2.03E+01,http://linked.aub.edu.lb/CODEC/Lebanon/observation/social-development-Lebanon-SP.ADO.TFRT-2021,https://data.humdata.org/dataset/world-bank-social-development-indicators-for-lebanon,,The World Bank,http://linked.aub.edu.lb/CODEC/Lebanon/Dataset/social-development-Lebanon,2021
http://dbpedia.org/resource/Lebanon,SP.DYN.LE00.FE.IN,6.67E+01,http://linked.aub.edu.lb/CODEC/Lebanon/observation/social-development-Lebanon-SP.DYN.LE00.FE.IN-1960,https://data.humdata.org/dataset/world-bank-social-development-indicators-for-lebanon,,The World Bank,http://linked.aub.edu.lb/CODEC/Lebanon/Dataset/social-development-Lebanon,1960
http://dbpedia.org/resource/Lebanon,SP.DYN.LE00.FE.IN,6.71E+01,http://linked.aub.edu.lb/CODEC/Lebanon/observation/social-development-Lebanon-SP.DYN.LE00.FE.IN-1961,https://data.humdata.org/dataset/world-bank-social-development-indicators-for-lebanon,,The World Bank,http://linked.aub.edu.lb/CODEC/Lebanon/Dataset/social-development-Lebanon,1961
http://dbpedia.org/resource/Lebanon,SP.DYN.LE00.FE.IN,6.72E+01,http://linked.aub.edu.lb/CODEC/Lebanon/observation/social-development-Lebanon-SP.DYN.LE00.FE.IN-1962,https://data.humdata.org/dataset/world-bank-social-development-indicators-for-lebanon,,The World Bank,http://linked.aub.edu.lb/CODEC/Lebanon/Dataset/social-development-Lebanon,1962
http://dbpedia.org/resource/Lebanon,SP.DYN.LE00.FE.IN,6.76E+01,http://linked.aub.edu.lb/CODEC/Lebanon/observation/social-development-Lebanon-SP.DYN.LE00.FE.IN-1963,https://data.humdata.org/dataset/world-bank-social-development-indicators-for-lebanon,,The World Bank,http://linked.aub.edu.lb/CODEC/Lebanon/Dataset/social-development-Lebanon,1963
http://dbpedia.org/resource/Lebanon,SP.DYN.LE00.FE.IN,6.77E+01,http://linked.aub.edu.lb/CODEC/Lebanon/observation/social-development-Lebanon-SP.DYN.LE00.FE.IN-1964,https://data.humdata.org/dataset/world-bank-social-development-indicators-for-lebanon,,The World Bank,http://linked.aub.edu.lb/CODEC/Lebanon/Dataset/social-development-Lebanon,1964
http://dbpedia.org/resource/Lebanon,SP.DYN.LE00.FE.IN,6.78E+01,http://linked.aub.edu.lb/CODEC/Lebanon/observation/social-development-Lebanon-SP.DYN.LE00.FE.IN-1965,https://data.humdata.org/dataset/world-bank-social-development-indicators-for-lebanon,,The World Bank,http://linked.aub.edu.lb/CODEC/Lebanon/Dataset/social-development-Lebanon,1965
http://dbpedia.org/resource/Lebanon,SP.DYN.LE00.FE.IN,6.79E+01,http://linked.aub.edu.lb/CODEC/Lebanon/observation/social-development-Lebanon-SP.DYN.LE00.FE.IN-1966,https://data.humdata.org/dataset/world-bank-social-development-indicators-for-lebanon,,The World Bank,http://linked.aub.edu.lb/CODEC/Lebanon/Dataset/social-development-Lebanon,1966
http://dbpedia.org/resource/Lebanon,SP.DYN.LE00.FE.IN,6.82E+01,http://linked.aub.edu.lb/CODEC/Lebanon/observation/social-development-Lebanon-SP.DYN.LE00.FE.IN-1967,https://data.humdata.org/dataset/world-bank-social-development-indicators-for-lebanon,,The World Bank,http://linked.aub.edu.lb/CODEC/Lebanon/Dataset/social-development-Lebanon,1967
http://dbpedia.org/resource/Lebanon,SP.DYN.LE00.FE.IN,6.83E+01,http://linked.aub.edu.lb/CODEC/Lebanon/observation/social-development-Lebanon-SP.DYN.LE00.FE.IN-1968,https://data.humdata.org/dataset/world-bank-social-development-indicators-for-lebanon,,The World Bank,http://linked.aub.edu.lb/CODEC/Lebanon/Dataset/social-development-Lebanon,1968
http://dbpedia.org/resource/Lebanon,SP.DYN.LE00.FE.IN,6.84E+01,http://linked.aub.edu.lb/CODEC/Lebanon/observation/social-development-Lebanon-SP.DYN.LE00.FE.IN-1969,https://data.humdata.org/dataset/world-bank-social-development-indicators-for-lebanon,,The World Bank,http://linked.aub.edu.lb/CODEC/Lebanon/Dataset/social-development-Lebanon,1969
http://dbpedia.org/resource/Lebanon,SP.DYN.LE00.FE.IN,6.84E+01,http://linked.aub.edu.lb/CODEC/Lebanon/observation/social-development-Lebanon-SP.DYN.LE00.FE.IN-1970,https://data.humdata.org/dataset/world-bank-social-development-indicators-for-lebanon,,The World Bank,http://linked.aub.edu.lb/CODEC/Lebanon/Dataset/social-development-Lebanon,1970
http://dbpedia.org/resource/Lebanon,SP.DYN.LE00.FE.IN,6.85E+01,http://linked.aub.edu.lb/CODEC/Lebanon/observation/social-development-Lebanon-SP.DYN.LE00.FE.IN-1971,https://data.humdata.org/dataset/world-bank-social-development-indicators-for-lebanon,,The World Bank,http://linked.aub.edu.lb/CODEC/Lebanon/Dataset/social-development-Lebanon,1971
http://dbpedia.org/resource/Lebanon,SP.DYN.LE00.FE.IN,6.85E+01,http://linked.aub.edu.lb/CODEC/Lebanon/observation/social-development-Lebanon-SP.DYN.LE00.FE.IN-1972,https://data.humdata.org/dataset/world-bank-social-development-indicators-for-lebanon,,The World Bank,http://linked.aub.edu.lb/CODEC/Lebanon/Dataset/social-development-Lebanon,1972
http://dbpedia.org/resource/Lebanon,SP.DYN.LE00.FE.IN,6.89E+01,http://linked.aub.edu.lb/CODEC/Lebanon/observation/social-development-Lebanon-SP.DYN.LE00.FE.IN-1973,https://data.humdata.org/dataset/world-bank-social-development-indicators-for-lebanon,,The World Bank,http://linked.aub.edu.lb/CODEC/Lebanon/Dataset/social-development-Lebanon,1973
http://dbpedia.org/resource/Lebanon,SP.DYN.LE00.FE.IN,6.89E+01,http://linked.aub.edu.lb/CODEC/Lebanon/observation/social-development-Lebanon-SP.DYN.LE00.FE.IN-1974,https://data.humdata.org/dataset/world-bank-social-development-indicators-for-lebanon,,The World Bank,http://linked.aub.edu.lb/CODEC/Lebanon/Dataset/social-development-Lebanon,1974
http://dbpedia.org/resource/Lebanon,SP.DYN.LE00.FE.IN,6.78E+01,http://linked.aub.edu.lb/CODEC/Lebanon/observation/social-development-Lebanon-SP.DYN.LE00.FE.IN-1975,https://data.humdata.org/dataset/world-bank-social-development-indicators-for-lebanon,,The World Bank,http://linked.aub.edu.lb/CODEC/Lebanon/Dataset/social-development-Lebanon,1975
http://dbpedia.org/resource/Lebanon,SP.DYN.LE00.FE.IN,4.31E+01,http://linked.aub.edu.lb/CODEC/Lebanon/observation/social-development-Lebanon-SP.DYN.LE00.FE.IN-1976,https://data.humdata.org/dataset/world-bank-social-development-indicators-for-lebanon,,The World Bank,http://linked.aub.edu.lb/CODEC/Lebanon/Dataset/social-development-Lebanon,1976
http://dbpedia.org/resource/Lebanon,SP.DYN.LE00.FE.IN,6.37E+01,http://linked.aub.edu.lb/CODEC/Lebanon/observation/social-development-Lebanon-SP.DYN.LE00.FE.IN-1977,https://data.humdata.org/dataset/world-bank-social-development-indicators-for-lebanon,,The World Bank,http://linked.aub.edu.lb/CODEC/Lebanon/Dataset/social-development-Lebanon,1977
http://dbpedia.org/resource/Lebanon,SP.DYN.LE00.FE.IN,6.38E+01,http://linked.aub.edu.lb/CODEC/Lebanon/observation/social-development-Lebanon-SP.DYN.LE00.FE.IN-1978,https://data.humdata.org/dataset/world-bank-social-development-indicators-for-lebanon,,The World Bank,http://linked.aub.edu.lb/CODEC/Lebanon/Dataset/social-development-Lebanon,1978
http://dbpedia.org/resource/Lebanon,SP.DYN.LE00.FE.IN,6.39E+01,http://linked.aub.edu.lb/CODEC/Lebanon/observation/social-development-Lebanon-SP.DYN.LE00.FE.IN-1979,https://data.humdata.org/dataset/world-bank-social-development-indicators-for-lebanon,,The World Bank,http://linked.aub.edu.lb/CODEC/Lebanon/Dataset/social-development-Lebanon,1979
http://dbpedia.org/resource/Lebanon,SP.DYN.LE00.FE.IN,6.40E+01,http://linked.aub.edu.lb/CODEC/Lebanon/observation/social-development-Lebanon-SP.DYN.LE00.FE.IN-1980,https://data.humdata.org/dataset/world-bank-social-development-indicators-for-lebanon,,The World Bank,http://linked.aub.edu.lb/CODEC/Lebanon/Dataset/social-development-Lebanon,1980
http://dbpedia.org/resource/Lebanon,SP.DYN.LE00.FE.IN,6.44E+01,http://linked.aub.edu.lb/CODEC/Lebanon/observation/social-development-Lebanon-SP.DYN.LE00.FE.IN-1981,https://data.humdata.org/dataset/world-bank-social-development-indicators-for-lebanon,,The World Bank,http://linked.aub.edu.lb/CODEC/Lebanon/Dataset/social-development-Lebanon,1981
http://dbpedia.org/resource/Lebanon,SP.DYN.LE00.FE.IN,5.32E+01,http://linked.aub.edu.lb/CODEC/Lebanon/observation/social-development-Lebanon-SP.DYN.LE00.FE.IN-1982,https://data.humdata.org/dataset/world-bank-social-development-indicators-for-lebanon,,The World Bank,http://linked.aub.edu.lb/CODEC/Lebanon/Dataset/social-development-Lebanon,1982
http://dbpedia.org/resource/Lebanon,SP.DYN.LE00.FE.IN,6.75E+01,http://linked.aub.edu.lb/CODEC/Lebanon/observation/social-development-Lebanon-SP.DYN.LE00.FE.IN-1983,https://data.humdata.org/dataset/world-bank-social-development-indicators-for-lebanon,,The World Bank,http://linked.aub.edu.lb/CODEC/Lebanon/Dataset/social-development-Lebanon,1983
http://dbpedia.org/resource/Lebanon,SP.DYN.LE00.FE.IN,6.79E+01,http://linked.aub.edu.lb/CODEC/Lebanon/observation/social-development-Lebanon-SP.DYN.LE00.FE.IN-1984,https://data.humdata.org/dataset/world-bank-social-development-indicators-for-lebanon,,The World Bank,http://linked.aub.edu.lb/CODEC/Lebanon/Dataset/social-development-Lebanon,1984
http://dbpedia.org/resource/Lebanon,SP.DYN.LE00.FE.IN,6.80E+01,http://linked.aub.edu.lb/CODEC/Lebanon/observation/social-development-Lebanon-SP.DYN.LE00.FE.IN-1985,https://data.humdata.org/dataset/world-bank-social-development-indicators-for-lebanon,,The World Bank,http://linked.aub.edu.lb/CODEC/Lebanon/Dataset/social-development-Lebanon,1985
http://dbpedia.org/resource/Lebanon,SP.DYN.LE00.FE.IN,6.85E+01,http://linked.aub.edu.lb/CODEC/Lebanon/observation/social-development-Lebanon-SP.DYN.LE00.FE.IN-1986,https://data.humdata.org/dataset/world-bank-social-development-indicators-for-lebanon,,The World Bank,http://linked.aub.edu.lb/CODEC/Lebanon/Dataset/social-development-Lebanon,1986
http://dbpedia.org/resource/Lebanon,SP.DYN.LE00.FE.IN,6.57E+01,http://linked.aub.edu.lb/CODEC/Lebanon/observation/social-development-Lebanon-SP.DYN.LE00.FE.IN-1987,https://data.humdata.org/dataset/world-bank-social-development-indicators-for-lebanon,,The World Bank,http://linked.aub.edu.lb/CODEC/Lebanon/Dataset/social-development-Lebanon,1987
http://dbpedia.org/resource/Lebanon,SP.DYN.LE00.FE.IN,6.59E+01,http://linked.aub.edu.lb/CODEC/Lebanon/observation/social-development-Lebanon-SP.DYN.LE00.FE.IN-1988,https://data.humdata.org/dataset/world-bank-social-development-indicators-for-lebanon,,The World Bank,http://linked.aub.edu.lb/CODEC/Lebanon/Dataset/social-development-Lebanon,1988
http://dbpedia.org/resource/Lebanon,SP.DYN.LE00.FE.IN,7.16E+01,http://linked.aub.edu.lb/CODEC/Lebanon/observation/social-development-Lebanon-SP.DYN.LE00.FE.IN-1989,https://data.humdata.org/dataset/world-bank-social-development-indicators-for-lebanon,,The World Bank,http://linked.aub.edu.lb/CODEC/Lebanon/Dataset/social-development-Lebanon,1989
http://dbpedia.org/resource/Lebanon,SP.DYN.LE00.FE.IN,7.17E+01,http://linked.aub.edu.lb/CODEC/Lebanon/observation/social-development-Lebanon-SP.DYN.LE00.FE.IN-1990,https://data.humdata.org/dataset/world-bank-social-development-indicators-for-lebanon,,The World Bank,http://linked.aub.edu.lb/CODEC/Lebanon/Dataset/social-development-Lebanon,1990
http://dbpedia.org/resource/Lebanon,SP.DYN.LE00.FE.IN,7.25E+01,http://linked.aub.edu.lb/CODEC/Lebanon/observation/social-development-Lebanon-SP.DYN.LE00.FE.IN-1991,https://data.humdata.org/dataset/world-bank-social-development-indicators-for-lebanon,,The World Bank,http://linked.aub.edu.lb/CODEC/Lebanon/Dataset/social-development-Lebanon,1991
http://dbpedia.org/resource/Lebanon,SP.DYN.LE00.FE.IN,7.25E+01,http://linked.aub.edu.lb/CODEC/Lebanon/observation/social-development-Lebanon-SP.DYN.LE00.FE.IN-1992,https://data.humdata.org/dataset/world-bank-social-development-indicators-for-lebanon,,The World Bank,http://linked.aub.edu.lb/CODEC/Lebanon/Dataset/social-development-Lebanon,1992
http://dbpedia.org/resource/Lebanon,SP.DYN.LE00.FE.IN,7.29E+01,http://linked.aub.edu.lb/CODEC/Lebanon/observation/social-development-Lebanon-SP.DYN.LE00.FE.IN-1993,https://data.humdata.org/dataset/world-bank-social-development-indicators-for-lebanon,,The World Bank,http://linked.aub.edu.lb/CODEC/Lebanon/Dataset/social-development-Lebanon,1993
http://dbpedia.org/resource/Lebanon,SP.DYN.LE00.FE.IN,7.31E+01,http://linked.aub.edu.lb/CODEC/Lebanon/observation/social-development-Lebanon-SP.DYN.LE00.FE.IN-1994,https://data.humdata.org/dataset/world-bank-social-development-indicators-for-lebanon,,The World Bank,http://linked.aub.edu.lb/CODEC/Lebanon/Dataset/social-development-Lebanon,1994
http://dbpedia.org/resource/Lebanon,SP.DYN.LE00.FE.IN,7.32E+01,http://linked.aub.edu.lb/CODEC/Lebanon/observation/social-development-Lebanon-SP.DYN.LE00.FE.IN-1995,https://data.humdata.org/dataset/world-bank-social-development-indicators-for-lebanon,,The World Bank,http://linked.aub.edu.lb/CODEC/Lebanon/Dataset/social-development-Lebanon,1995
http://dbpedia.org/resource/Lebanon,SP.DYN.LE00.FE.IN,7.36E+01,http://linked.aub.edu.lb/CODEC/Lebanon/observation/social-development-Lebanon-SP.DYN.LE00.FE.IN-1996,https://data.humdata.org/dataset/world-bank-social-development-indicators-for-lebanon,,The World Bank,http://linked.aub.edu.lb/CODEC/Lebanon/Dataset/social-development-Lebanon,1996
http://dbpedia.org/resource/Lebanon,SP.DYN.LE00.FE.IN,7.43E+01,http://linked.aub.edu.lb/CODEC/Lebanon/observation/social-development-Lebanon-SP.DYN.LE00.FE.IN-1997,https://data.humdata.org/dataset/world-bank-social-development-indicators-for-lebanon,,The World Bank,http://linked.aub.edu.lb/CODEC/Lebanon/Dataset/social-development-Lebanon,1997
http://dbpedia.org/resource/Lebanon,SP.DYN.LE00.FE.IN,7.44E+01,http://linked.aub.edu.lb/CODEC/Lebanon/observation/social-development-Lebanon-SP.DYN.LE00.FE.IN-1998,https://data.humdata.org/dataset/world-bank-social-development-indicators-for-lebanon,,The World Bank,http://linked.aub.edu.lb/CODEC/Lebanon/Dataset/social-development-Lebanon,1998
http://dbpedia.org/resource/Lebanon,SP.DYN.LE00.FE.IN,7.49E+01,http://linked.aub.edu.lb/CODEC/Lebanon/observation/social-development-Lebanon-SP.DYN.LE00.FE.IN-1999,https://data.humdata.org/dataset/world-bank-social-development-indicators-for-lebanon,,The World Bank,http://linked.aub.edu.lb/CODEC/Lebanon/Dataset/social-development-Lebanon,1999
http://dbpedia.org/resource/Lebanon,SP.DYN.LE00.FE.IN,7.55E+01,http://linked.aub.edu.lb/CODEC/Lebanon/observation/social-development-Lebanon-SP.DYN.LE00.FE.IN-2000,https://data.humdata.org/dataset/world-bank-social-development-indicators-for-lebanon,,The World Bank,http://linked.aub.edu.lb/CODEC/Lebanon/Dataset/social-development-Lebanon,2000
http://dbpedia.org/resource/Lebanon,SP.DYN.LE00.FE.IN,7.60E+01,http://linked.aub.edu.lb/CODEC/Lebanon/observation/social-development-Lebanon-SP.DYN.LE00.FE.IN-2001,https://data.humdata.org/dataset/world-bank-social-development-indicators-for-lebanon,,The World Bank,http://linked.aub.edu.lb/CODEC/Lebanon/Dataset/social-development-Lebanon,2001
http://dbpedia.org/resource/Lebanon,SP.DYN.LE00.FE.IN,7.70E+01,http://linked.aub.edu.lb/CODEC/Lebanon/observation/social-development-Lebanon-SP.DYN.LE00.FE.IN-2002,https://data.humdata.org/dataset/world-bank-social-development-indicators-for-lebanon,,The World Bank,http://linked.aub.edu.lb/CODEC/Lebanon/Dataset/social-development-Lebanon,2002
http://dbpedia.org/resource/Lebanon,SP.DYN.LE00.FE.IN,7.74E+01,http://linked.aub.edu.lb/CODEC/Lebanon/observation/social-development-Lebanon-SP.DYN.LE00.FE.IN-2003,https://data.humdata.org/dataset/world-bank-social-development-indicators-for-lebanon,,The World Bank,http://linked.aub.edu.lb/CODEC/Lebanon/Dataset/social-development-Lebanon,2003
http://dbpedia.org/resource/Lebanon,SP.DYN.LE00.FE.IN,7.79E+01,http://linked.aub.edu.lb/CODEC/Lebanon/observation/social-development-Lebanon-SP.DYN.LE00.FE.IN-2004,https://data.humdata.org/dataset/world-bank-social-development-indicators-for-lebanon,,The World Bank,http://linked.aub.edu.lb/CODEC/Lebanon/Dataset/social-development-Lebanon,2004
http://dbpedia.org/resource/Lebanon,SP.DYN.LE00.FE.IN,7.81E+01,http://linked.aub.edu.lb/CODEC/Lebanon/observation/social-development-Lebanon-SP.DYN.LE00.FE.IN-2005,https://data.humdata.org/dataset/world-bank-social-development-indicators-for-lebanon,,The World Bank,http://linked.aub.edu.lb/CODEC/Lebanon/Dataset/social-development-Lebanon,2005
http://dbpedia.org/resource/Lebanon,SP.DYN.LE00.FE.IN,7.89E+01,http://linked.aub.edu.lb/CODEC/Lebanon/observation/social-development-Lebanon-SP.DYN.LE00.FE.IN-2006,https://data.humdata.org/dataset/world-bank-social-development-indicators-for-lebanon,,The World Bank,http://linked.aub.edu.lb/CODEC/Lebanon/Dataset/social-development-Lebanon,2006
http://dbpedia.org/resource/Lebanon,SP.DYN.LE00.FE.IN,7.92E+01,http://linked.aub.edu.lb/CODEC/Lebanon/observation/social-development-Lebanon-SP.DYN.LE00.FE.IN-2007,https://data.humdata.org/dataset/world-bank-social-development-indicators-for-lebanon,,The World Bank,http://linked.aub.edu.lb/CODEC/Lebanon/Dataset/social-development-Lebanon,2007
http://dbpedia.org/resource/Lebanon,SP.DYN.LE00.FE.IN,7.94E+01,http://linked.aub.edu.lb/CODEC/Lebanon/observation/social-development-Lebanon-SP.DYN.LE00.FE.IN-2008,https://data.humdata.org/dataset/world-bank-social-development-indicators-for-lebanon,,The World Bank,http://linked.aub.edu.lb/CODEC/Lebanon/Dataset/social-development-Lebanon,2008
http://dbpedia.org/resource/Lebanon,SP.DYN.LE00.FE.IN,7.97E+01,http://linked.aub.edu.lb/CODEC/Lebanon/observation/social-development-Lebanon-SP.DYN.LE00.FE.IN-2009,https://data.humdata.org/dataset/world-bank-social-development-indicators-for-lebanon,,The World Bank,http://linked.aub.edu.lb/CODEC/Lebanon/Dataset/social-development-Lebanon,2009
http://dbpedia.org/resource/Lebanon,SP.DYN.LE00.FE.IN,7.99E+01,http://linked.aub.edu.lb/CODEC/Lebanon/observation/social-development-Lebanon-SP.DYN.LE00.FE.IN-2010,https://data.humdata.org/dataset/world-bank-social-development-indicators-for-lebanon,,The World Bank,http://linked.aub.edu.lb/CODEC/Lebanon/Dataset/social-development-Lebanon,2010
http://dbpedia.org/resource/Lebanon,SP.DYN.LE00.FE.IN,8.01E+01,http://linked.aub.edu.lb/CODEC/Lebanon/observation/social-development-Lebanon-SP.DYN.LE00.FE.IN-2011,https://data.humdata.org/dataset/world-bank-social-development-indicators-for-lebanon,,The World Bank,http://linked.aub.edu.lb/CODEC/Lebanon/Dataset/social-development-Lebanon,2011
http://dbpedia.org/resource/Lebanon,SP.DYN.LE00.FE.IN,8.03E+01,http://linked.aub.edu.lb/CODEC/Lebanon/observation/social-development-Lebanon-SP.DYN.LE00.FE.IN-2012,https://data.humdata.org/dataset/world-bank-social-development-indicators-for-lebanon,,The World Bank,http://linked.aub.edu.lb/CODEC/Lebanon/Dataset/social-development-Lebanon,2012
http://dbpedia.org/resource/Lebanon,SP.DYN.LE00.FE.IN,8.05E+01,http://linked.aub.edu.lb/CODEC/Lebanon/observation/social-development-Lebanon-SP.DYN.LE00.FE.IN-2013,https://data.humdata.org/dataset/world-bank-social-development-indicators-for-lebanon,,The World Bank,http://linked.aub.edu.lb/CODEC/Lebanon/Dataset/social-development-Lebanon,2013
http://dbpedia.org/resource/Lebanon,SP.DYN.LE00.FE.IN,8.07E+01,http://linked.aub.edu.lb/CODEC/Lebanon/observation/social-development-Lebanon-SP.DYN.LE00.FE.IN-2014,https://data.humdata.org/dataset/world-bank-social-development-indicators-for-lebanon,,The World Bank,http://linked.aub.edu.lb/CODEC/Lebanon/Dataset/social-development-Lebanon,2014
http://dbpedia.org/resource/Lebanon,SP.DYN.LE00.FE.IN,8.10E+01,http://linked.aub.edu.lb/CODEC/Lebanon/observation/social-development-Lebanon-SP.DYN.LE00.FE.IN-2015,https://data.humdata.org/dataset/world-bank-social-development-indicators-for-lebanon,,The World Bank,http://linked.aub.edu.lb/CODEC/Lebanon/Dataset/social-development-Lebanon,2015
http://dbpedia.org/resource/Lebanon,SP.DYN.LE00.FE.IN,8.13E+01,http://linked.aub.edu.lb/CODEC/Lebanon/observation/social-development-Lebanon-SP.DYN.LE00.FE.IN-2016,https://data.humdata.org/dataset/world-bank-social-development-indicators-for-lebanon,,The World Bank,http://linked.aub.edu.lb/CODEC/Lebanon/Dataset/social-development-Lebanon,2016
http://dbpedia.org/resource/Lebanon,SP.DYN.LE00.FE.IN,8.15E+01,http://linked.aub.edu.lb/CODEC/Lebanon/observation/social-development-Lebanon-SP.DYN.LE00.FE.IN-2017,https://data.humdata.org/dataset/world-bank-social-development-indicators-for-lebanon,,The World Bank,http://linked.aub.edu.lb/CODEC/Lebanon/Dataset/social-development-Lebanon,2017
http://dbpedia.org/resource/Lebanon,SP.DYN.LE00.FE.IN,8.15E+01,http://linked.aub.edu.lb/CODEC/Lebanon/observation/social-development-Lebanon-SP.DYN.LE00.FE.IN-2018,https://data.humdata.org/dataset/world-bank-social-development-indicators-for-lebanon,,The World Bank,http://linked.aub.edu.lb/CODEC/Lebanon/Dataset/social-development-Lebanon,2018
http://dbpedia.org/resource/Lebanon,SP.DYN.LE00.FE.IN,8.10E+01,http://linked.aub.edu.lb/CODEC/Lebanon/observation/social-development-Lebanon-SP.DYN.LE00.FE.IN-2019,https://data.humdata.org/dataset/world-bank-social-development-indicators-for-lebanon,,The World Bank,http://linked.aub.edu.lb/CODEC/Lebanon/Dataset/social-development-Lebanon,2019
http://dbpedia.org/resource/Lebanon,SP.DYN.LE00.FE.IN,7.99E+01,http://linked.aub.edu.lb/CODEC/Lebanon/observation/social-development-Lebanon-SP.DYN.LE00.FE.IN-2020,https://data.humdata.org/dataset/world-bank-social-development-indicators-for-lebanon,,The World Bank,http://linked.aub.edu.lb/CODEC/Lebanon/Dataset/social-development-Lebanon,2020
http://dbpedia.org/resource/Lebanon,SP.DYN.LE00.FE.IN,7.73E+01,http://linked.aub.edu.lb/CODEC/Lebanon/observation/social-development-Lebanon-SP.DYN.LE00.FE.IN-2021,https://data.humdata.org/dataset/world-bank-social-development-indicators-for-lebanon,,The World Bank,http://linked.aub.edu.lb/CODEC/Lebanon/Dataset/social-development-Lebanon,2021
http://dbpedia.org/resource/Lebanon,SP.DYN.LE00.MA.IN,6.31E+01,http://linked.aub.edu.lb/CODEC/Lebanon/observation/social-development-Lebanon-SP.DYN.LE00.MA.IN-1960,https://data.humdata.org/dataset/world-bank-social-development-indicators-for-lebanon,,The World Bank,http://linked.aub.edu.lb/CODEC/Lebanon/Dataset/social-development-Lebanon,1960
http://dbpedia.org/resource/Lebanon,SP.DYN.LE00.MA.IN,6.36E+01,http://linked.aub.edu.lb/CODEC/Lebanon/observation/social-development-Lebanon-SP.DYN.LE00.MA.IN-1961,https://data.humdata.org/dataset/world-bank-social-development-indicators-for-lebanon,,The World Bank,http://linked.aub.edu.lb/CODEC/Lebanon/Dataset/social-development-Lebanon,1961
http://dbpedia.org/resource/Lebanon,SP.DYN.LE00.MA.IN,6.37E+01,http://linked.aub.edu.lb/CODEC/Lebanon/observation/social-development-Lebanon-SP.DYN.LE00.MA.IN-1962,https://data.humdata.org/dataset/world-bank-social-development-indicators-for-lebanon,,The World Bank,http://linked.aub.edu.lb/CODEC/Lebanon/Dataset/social-development-Lebanon,1962
http://dbpedia.org/resource/Lebanon,SP.DYN.LE00.MA.IN,6.38E+01,http://linked.aub.edu.lb/CODEC/Lebanon/observation/social-development-Lebanon-SP.DYN.LE00.MA.IN-1963,https://data.humdata.org/dataset/world-bank-social-development-indicators-for-lebanon,,The World Bank,http://linked.aub.edu.lb/CODEC/Lebanon/Dataset/social-development-Lebanon,1963
http://dbpedia.org/resource/Lebanon,SP.DYN.LE00.MA.IN,6.43E+01,http://linked.aub.edu.lb/CODEC/Lebanon/observation/social-development-Lebanon-SP.DYN.LE00.MA.IN-1964,https://data.humdata.org/dataset/world-bank-social-development-indicators-for-lebanon,,The World Bank,http://linked.aub.edu.lb/CODEC/Lebanon/Dataset/social-development-Lebanon,1964
http://dbpedia.org/resource/Lebanon,SP.DYN.LE00.MA.IN,6.44E+01,http://linked.aub.edu.lb/CODEC/Lebanon/observation/social-development-Lebanon-SP.DYN.LE00.MA.IN-1965,https://data.humdata.org/dataset/world-bank-social-development-indicators-for-lebanon,,The World Bank,http://linked.aub.edu.lb/CODEC/Lebanon/Dataset/social-development-Lebanon,1965
http://dbpedia.org/resource/Lebanon,SP.DYN.LE00.MA.IN,6.45E+01,http://linked.aub.edu.lb/CODEC/Lebanon/observation/social-development-Lebanon-SP.DYN.LE00.MA.IN-1966,https://data.humdata.org/dataset/world-bank-social-development-indicators-for-lebanon,,The World Bank,http://linked.aub.edu.lb/CODEC/Lebanon/Dataset/social-development-Lebanon,1966
http://dbpedia.org/resource/Lebanon,SP.DYN.LE00.MA.IN,6.49E+01,http://linked.aub.edu.lb/CODEC/Lebanon/observation/social-development-Lebanon-SP.DYN.LE00.MA.IN-1967,https://data.humdata.org/dataset/world-bank-social-development-indicators-for-lebanon,,The World Bank,http://linked.aub.edu.lb/CODEC/Lebanon/Dataset/social-development-Lebanon,1967
http://dbpedia.org/resource/Lebanon,SP.DYN.LE00.MA.IN,6.50E+01,http://linked.aub.edu.lb/CODEC/Lebanon/observation/social-development-Lebanon-SP.DYN.LE00.MA.IN-1968,https://data.humdata.org/dataset/world-bank-social-development-indicators-for-lebanon,,The World Bank,http://linked.aub.edu.lb/CODEC/Lebanon/Dataset/social-development-Lebanon,1968
http://dbpedia.org/resource/Lebanon,SP.DYN.LE00.MA.IN,6.51E+01,http://linked.aub.edu.lb/CODEC/Lebanon/observation/social-development-Lebanon-SP.DYN.LE00.MA.IN-1969,https://data.humdata.org/dataset/world-bank-social-development-indicators-for-lebanon,,The World Bank,http://linked.aub.edu.lb/CODEC/Lebanon/Dataset/social-development-Lebanon,1969
http://dbpedia.org/resource/Lebanon,SP.DYN.LE00.MA.IN,6.52E+01,http://linked.aub.edu.lb/CODEC/Lebanon/observation/social-development-Lebanon-SP.DYN.LE00.MA.IN-1970,https://data.humdata.org/dataset/world-bank-social-development-indicators-for-lebanon,,The World Bank,http://linked.aub.edu.lb/CODEC/Lebanon/Dataset/social-development-Lebanon,1970
http://dbpedia.org/resource/Lebanon,SP.DYN.LE00.MA.IN,6.52E+01,http://linked.aub.edu.lb/CODEC/Lebanon/observation/social-development-Lebanon-SP.DYN.LE00.MA.IN-1971,https://data.humdata.org/dataset/world-bank-social-development-indicators-for-lebanon,,The World Bank,http://linked.aub.edu.lb/CODEC/Lebanon/Dataset/social-development-Lebanon,1971
http://dbpedia.org/resource/Lebanon,SP.DYN.LE00.MA.IN,6.53E+01,http://linked.aub.edu.lb/CODEC/Lebanon/observation/social-development-Lebanon-SP.DYN.LE00.MA.IN-1972,https://data.humdata.org/dataset/world-bank-social-development-indicators-for-lebanon,,The World Bank,http://linked.aub.edu.lb/CODEC/Lebanon/Dataset/social-development-Lebanon,1972
http://dbpedia.org/resource/Lebanon,SP.DYN.LE00.MA.IN,6.57E+01,http://linked.aub.edu.lb/CODEC/Lebanon/observation/social-development-Lebanon-SP.DYN.LE00.MA.IN-1973,https://data.humdata.org/dataset/world-bank-social-development-indicators-for-lebanon,,The World Bank,http://linked.aub.edu.lb/CODEC/Lebanon/Dataset/social-development-Lebanon,1973
http://dbpedia.org/resource/Lebanon,SP.DYN.LE00.MA.IN,6.57E+01,http://linked.aub.edu.lb/CODEC/Lebanon/observation/social-development-Lebanon-SP.DYN.LE00.MA.IN-1974,https://data.humdata.org/dataset/world-bank-social-development-indicators-for-lebanon,,The World Bank,http://linked.aub.edu.lb/CODEC/Lebanon/Dataset/social-development-Lebanon,1974
http://dbpedia.org/resource/Lebanon,SP.DYN.LE00.MA.IN,5.08E+01,http://linked.aub.edu.lb/CODEC/Lebanon/observation/social-development-Lebanon-SP.DYN.LE00.MA.IN-1975,https://data.humdata.org/dataset/world-bank-social-development-indicators-for-lebanon,,The World Bank,http://linked.aub.edu.lb/CODEC/Lebanon/Dataset/social-development-Lebanon,1975
http://dbpedia.org/resource/Lebanon,SP.DYN.LE00.MA.IN,2.80E+01,http://linked.aub.edu.lb/CODEC/Lebanon/observation/social-development-Lebanon-SP.DYN.LE00.MA.IN-1976,https://data.humdata.org/dataset/world-bank-social-development-indicators-for-lebanon,,The World Bank,http://linked.aub.edu.lb/CODEC/Lebanon/Dataset/social-development-Lebanon,1976
http://dbpedia.org/resource/Lebanon,SP.DYN.LE00.MA.IN,5.53E+01,http://linked.aub.edu.lb/CODEC/Lebanon/observation/social-development-Lebanon-SP.DYN.LE00.MA.IN-1977,https://data.humdata.org/dataset/world-bank-social-development-indicators-for-lebanon,,The World Bank,http://linked.aub.edu.lb/CODEC/Lebanon/Dataset/social-development-Lebanon,1977
http://dbpedia.org/resource/Lebanon,SP.DYN.LE00.MA.IN,5.54E+01,http://linked.aub.edu.lb/CODEC/Lebanon/observation/social-development-Lebanon-SP.DYN.LE00.MA.IN-1978,https://data.humdata.org/dataset/world-bank-social-development-indicators-for-lebanon,,The World Bank,http://linked.aub.edu.lb/CODEC/Lebanon/Dataset/social-development-Lebanon,1978
http://dbpedia.org/resource/Lebanon,SP.DYN.LE00.MA.IN,5.54E+01,http://linked.aub.edu.lb/CODEC/Lebanon/observation/social-development-Lebanon-SP.DYN.LE00.MA.IN-1979,https://data.humdata.org/dataset/world-bank-social-development-indicators-for-lebanon,,The World Bank,http://linked.aub.edu.lb/CODEC/Lebanon/Dataset/social-development-Lebanon,1979
http://dbpedia.org/resource/Lebanon,SP.DYN.LE00.MA.IN,5.57E+01,http://linked.aub.edu.lb/CODEC/Lebanon/observation/social-development-Lebanon-SP.DYN.LE00.MA.IN-1980,https://data.humdata.org/dataset/world-bank-social-development-indicators-for-lebanon,,The World Bank,http://linked.aub.edu.lb/CODEC/Lebanon/Dataset/social-development-Lebanon,1980
http://dbpedia.org/resource/Lebanon,SP.DYN.LE00.MA.IN,5.59E+01,http://linked.aub.edu.lb/CODEC/Lebanon/observation/social-development-Lebanon-SP.DYN.LE00.MA.IN-1981,https://data.humdata.org/dataset/world-bank-social-development-indicators-for-lebanon,,The World Bank,http://linked.aub.edu.lb/CODEC/Lebanon/Dataset/social-development-Lebanon,1981
http://dbpedia.org/resource/Lebanon,SP.DYN.LE00.MA.IN,3.90E+01,http://linked.aub.edu.lb/CODEC/Lebanon/observation/social-development-Lebanon-SP.DYN.LE00.MA.IN-1982,https://data.humdata.org/dataset/world-bank-social-development-indicators-for-lebanon,,The World Bank,http://linked.aub.edu.lb/CODEC/Lebanon/Dataset/social-development-Lebanon,1982
http://dbpedia.org/resource/Lebanon,SP.DYN.LE00.MA.IN,5.36E+01,http://linked.aub.edu.lb/CODEC/Lebanon/observation/social-development-Lebanon-SP.DYN.LE00.MA.IN-1983,https://data.humdata.org/dataset/world-bank-social-development-indicators-for-lebanon,,The World Bank,http://linked.aub.edu.lb/CODEC/Lebanon/Dataset/social-development-Lebanon,1983
http://dbpedia.org/resource/Lebanon,SP.DYN.LE00.MA.IN,5.38E+01,http://linked.aub.edu.lb/CODEC/Lebanon/observation/social-development-Lebanon-SP.DYN.LE00.MA.IN-1984,https://data.humdata.org/dataset/world-bank-social-development-indicators-for-lebanon,,The World Bank,http://linked.aub.edu.lb/CODEC/Lebanon/Dataset/social-development-Lebanon,1984
http://dbpedia.org/resource/Lebanon,SP.DYN.LE00.MA.IN,5.40E+01,http://linked.aub.edu.lb/CODEC/Lebanon/observation/social-development-Lebanon-SP.DYN.LE00.MA.IN-1985,https://data.humdata.org/dataset/world-bank-social-development-indicators-for-lebanon,,The World Bank,http://linked.aub.edu.lb/CODEC/Lebanon/Dataset/social-development-Lebanon,1985
http://dbpedia.org/resource/Lebanon,SP.DYN.LE00.MA.IN,5.45E+01,http://linked.aub.edu.lb/CODEC/Lebanon/observation/social-development-Lebanon-SP.DYN.LE00.MA.IN-1986,https://data.humdata.org/dataset/world-bank-social-development-indicators-for-lebanon,,The World Bank,http://linked.aub.edu.lb/CODEC/Lebanon/Dataset/social-development-Lebanon,1986
http://dbpedia.org/resource/Lebanon,SP.DYN.LE00.MA.IN,5.74E+01,http://linked.aub.edu.lb/CODEC/Lebanon/observation/social-development-Lebanon-SP.DYN.LE00.MA.IN-1987,https://data.humdata.org/dataset/world-bank-social-development-indicators-for-lebanon,,The World Bank,http://linked.aub.edu.lb/CODEC/Lebanon/Dataset/social-development-Lebanon,1987
http://dbpedia.org/resource/Lebanon,SP.DYN.LE00.MA.IN,5.77E+01,http://linked.aub.edu.lb/CODEC/Lebanon/observation/social-development-Lebanon-SP.DYN.LE00.MA.IN-1988,https://data.humdata.org/dataset/world-bank-social-development-indicators-for-lebanon,,The World Bank,http://linked.aub.edu.lb/CODEC/Lebanon/Dataset/social-development-Lebanon,1988
http://dbpedia.org/resource/Lebanon,SP.DYN.LE00.MA.IN,5.76E+01,http://linked.aub.edu.lb/CODEC/Lebanon/observation/social-development-Lebanon-SP.DYN.LE00.MA.IN-1989,https://data.humdata.org/dataset/world-bank-social-development-indicators-for-lebanon,,The World Bank,http://linked.aub.edu.lb/CODEC/Lebanon/Dataset/social-development-Lebanon,1989
http://dbpedia.org/resource/Lebanon,SP.DYN.LE00.MA.IN,5.80E+01,http://linked.aub.edu.lb/CODEC/Lebanon/observation/social-development-Lebanon-SP.DYN.LE00.MA.IN-1990,https://data.humdata.org/dataset/world-bank-social-development-indicators-for-lebanon,,The World Bank,http://linked.aub.edu.lb/CODEC/Lebanon/Dataset/social-development-Lebanon,1990
http://dbpedia.org/resource/Lebanon,SP.DYN.LE00.MA.IN,6.97E+01,http://linked.aub.edu.lb/CODEC/Lebanon/observation/social-development-Lebanon-SP.DYN.LE00.MA.IN-1991,https://data.humdata.org/dataset/world-bank-social-development-indicators-for-lebanon,,The World Bank,http://linked.aub.edu.lb/CODEC/Lebanon/Dataset/social-development-Lebanon,1991
http://dbpedia.org/resource/Lebanon,SP.DYN.LE00.MA.IN,6.98E+01,http://linked.aub.edu.lb/CODEC/Lebanon/observation/social-development-Lebanon-SP.DYN.LE00.MA.IN-1992,https://data.humdata.org/dataset/world-bank-social-development-indicators-for-lebanon,,The World Bank,http://linked.aub.edu.lb/CODEC/Lebanon/Dataset/social-development-Lebanon,1992
http://dbpedia.org/resource/Lebanon,SP.DYN.LE00.MA.IN,6.98E+01,http://linked.aub.edu.lb/CODEC/Lebanon/observation/social-development-Lebanon-SP.DYN.LE00.MA.IN-1993,https://data.humdata.org/dataset/world-bank-social-development-indicators-for-lebanon,,The World Bank,http://linked.aub.edu.lb/CODEC/Lebanon/Dataset/social-development-Lebanon,1993
http://dbpedia.org/resource/Lebanon,SP.DYN.LE00.MA.IN,7.01E+01,http://linked.aub.edu.lb/CODEC/Lebanon/observation/social-development-Lebanon-SP.DYN.LE00.MA.IN-1994,https://data.humdata.org/dataset/world-bank-social-development-indicators-for-lebanon,,The World Bank,http://linked.aub.edu.lb/CODEC/Lebanon/Dataset/social-development-Lebanon,1994
http://dbpedia.org/resource/Lebanon,SP.DYN.LE00.MA.IN,7.08E+01,http://linked.aub.edu.lb/CODEC/Lebanon/observation/social-development-Lebanon-SP.DYN.LE00.MA.IN-1995,https://data.humdata.org/dataset/world-bank-social-development-indicators-for-lebanon,,The World Bank,http://linked.aub.edu.lb/CODEC/Lebanon/Dataset/social-development-Lebanon,1995
http://dbpedia.org/resource/Lebanon,SP.DYN.LE00.MA.IN,7.09E+01,http://linked.aub.edu.lb/CODEC/Lebanon/observation/social-development-Lebanon-SP.DYN.LE00.MA.IN-1996,https://data.humdata.org/dataset/world-bank-social-development-indicators-for-lebanon,,The World Bank,http://linked.aub.edu.lb/CODEC/Lebanon/Dataset/social-development-Lebanon,1996
http://dbpedia.org/resource/Lebanon,SP.DYN.LE00.MA.IN,7.11E+01,http://linked.aub.edu.lb/CODEC/Lebanon/observation/social-development-Lebanon-SP.DYN.LE00.MA.IN-1997,https://data.humdata.org/dataset/world-bank-social-development-indicators-for-lebanon,,The World Bank,http://linked.aub.edu.lb/CODEC/Lebanon/Dataset/social-development-Lebanon,1997
http://dbpedia.org/resource/Lebanon,SP.DYN.LE00.MA.IN,7.13E+01,http://linked.aub.edu.lb/CODEC/Lebanon/observation/social-development-Lebanon-SP.DYN.LE00.MA.IN-1998,https://data.humdata.org/dataset/world-bank-social-development-indicators-for-lebanon,,The World Bank,http://linked.aub.edu.lb/CODEC/Lebanon/Dataset/social-development-Lebanon,1998
http://dbpedia.org/resource/Lebanon,SP.DYN.LE00.MA.IN,7.19E+01,http://linked.aub.edu.lb/CODEC/Lebanon/observation/social-development-Lebanon-SP.DYN.LE00.MA.IN-1999,https://data.humdata.org/dataset/world-bank-social-development-indicators-for-lebanon,,The World Bank,http://linked.aub.edu.lb/CODEC/Lebanon/Dataset/social-development-Lebanon,1999
http://dbpedia.org/resource/Lebanon,SP.DYN.LE00.MA.IN,7.23E+01,http://linked.aub.edu.lb/CODEC/Lebanon/observation/social-development-Lebanon-SP.DYN.LE00.MA.IN-2000,https://data.humdata.org/dataset/world-bank-social-development-indicators-for-lebanon,,The World Bank,http://linked.aub.edu.lb/CODEC/Lebanon/Dataset/social-development-Lebanon,2000
http://dbpedia.org/resource/Lebanon,SP.DYN.LE00.MA.IN,7.26E+01,http://linked.aub.edu.lb/CODEC/Lebanon/observation/social-development-Lebanon-SP.DYN.LE00.MA.IN-2001,https://data.humdata.org/dataset/world-bank-social-development-indicators-for-lebanon,,The World Bank,http://linked.aub.edu.lb/CODEC/Lebanon/Dataset/social-development-Lebanon,2001
http://dbpedia.org/resource/Lebanon,SP.DYN.LE00.MA.IN,7.30E+01,http://linked.aub.edu.lb/CODEC/Lebanon/observation/social-development-Lebanon-SP.DYN.LE00.MA.IN-2002,https://data.humdata.org/dataset/world-bank-social-development-indicators-for-lebanon,,The World Bank,http://linked.aub.edu.lb/CODEC/Lebanon/Dataset/social-development-Lebanon,2002
http://dbpedia.org/resource/Lebanon,SP.DYN.LE00.MA.IN,7.37E+01,http://linked.aub.edu.lb/CODEC/Lebanon/observation/social-development-Lebanon-SP.DYN.LE00.MA.IN-2003,https://data.humdata.org/dataset/world-bank-social-development-indicators-for-lebanon,,The World Bank,http://linked.aub.edu.lb/CODEC/Lebanon/Dataset/social-development-Lebanon,2003
http://dbpedia.org/resource/Lebanon,SP.DYN.LE00.MA.IN,7.39E+01,http://linked.aub.edu.lb/CODEC/Lebanon/observation/social-development-Lebanon-SP.DYN.LE00.MA.IN-2004,https://data.humdata.org/dataset/world-bank-social-development-indicators-for-lebanon,,The World Bank,http://linked.aub.edu.lb/CODEC/Lebanon/Dataset/social-development-Lebanon,2004
http://dbpedia.org/resource/Lebanon,SP.DYN.LE00.MA.IN,7.42E+01,http://linked.aub.edu.lb/CODEC/Lebanon/observation/social-development-Lebanon-SP.DYN.LE00.MA.IN-2005,https://data.humdata.org/dataset/world-bank-social-development-indicators-for-lebanon,,The World Bank,http://linked.aub.edu.lb/CODEC/Lebanon/Dataset/social-development-Lebanon,2005
http://dbpedia.org/resource/Lebanon,SP.DYN.LE00.MA.IN,7.31E+01,http://linked.aub.edu.lb/CODEC/Lebanon/observation/social-development-Lebanon-SP.DYN.LE00.MA.IN-2006,https://data.humdata.org/dataset/world-bank-social-development-indicators-for-lebanon,,The World Bank,http://linked.aub.edu.lb/CODEC/Lebanon/Dataset/social-development-Lebanon,2006
http://dbpedia.org/resource/Lebanon,SP.DYN.LE00.MA.IN,7.47E+01,http://linked.aub.edu.lb/CODEC/Lebanon/observation/social-development-Lebanon-SP.DYN.LE00.MA.IN-2007,https://data.humdata.org/dataset/world-bank-social-development-indicators-for-lebanon,,The World Bank,http://linked.aub.edu.lb/CODEC/Lebanon/Dataset/social-development-Lebanon,2007
http://dbpedia.org/resource/Lebanon,SP.DYN.LE00.MA.IN,7.55E+01,http://linked.aub.edu.lb/CODEC/Lebanon/observation/social-development-Lebanon-SP.DYN.LE00.MA.IN-2008,https://data.humdata.org/dataset/world-bank-social-development-indicators-for-lebanon,,The World Bank,http://linked.aub.edu.lb/CODEC/Lebanon/Dataset/social-development-Lebanon,2008
http://dbpedia.org/resource/Lebanon,SP.DYN.LE00.MA.IN,7.58E+01,http://linked.aub.edu.lb/CODEC/Lebanon/observation/social-development-Lebanon-SP.DYN.LE00.MA.IN-2009,https://data.humdata.org/dataset/world-bank-social-development-indicators-for-lebanon,,The World Bank,http://linked.aub.edu.lb/CODEC/Lebanon/Dataset/social-development-Lebanon,2009
http://dbpedia.org/resource/Lebanon,SP.DYN.LE00.MA.IN,7.61E+01,http://linked.aub.edu.lb/CODEC/Lebanon/observation/social-development-Lebanon-SP.DYN.LE00.MA.IN-2010,https://data.humdata.org/dataset/world-bank-social-development-indicators-for-lebanon,,The World Bank,http://linked.aub.edu.lb/CODEC/Lebanon/Dataset/social-development-Lebanon,2010
http://dbpedia.org/resource/Lebanon,SP.DYN.LE00.MA.IN,7.64E+01,http://linked.aub.edu.lb/CODEC/Lebanon/observation/social-development-Lebanon-SP.DYN.LE00.MA.IN-2011,https://data.humdata.org/dataset/world-bank-social-development-indicators-for-lebanon,,The World Bank,http://linked.aub.edu.lb/CODEC/Lebanon/Dataset/social-development-Lebanon,2011
http://dbpedia.org/resource/Lebanon,SP.DYN.LE00.MA.IN,7.67E+01,http://linked.aub.edu.lb/CODEC/Lebanon/observation/social-development-Lebanon-SP.DYN.LE00.MA.IN-2012,https://data.humdata.org/dataset/world-bank-social-development-indicators-for-lebanon,,The World Bank,http://linked.aub.edu.lb/CODEC/Lebanon/Dataset/social-development-Lebanon,2012
http://dbpedia.org/resource/Lebanon,SP.DYN.LE00.MA.IN,7.68E+01,http://linked.aub.edu.lb/CODEC/Lebanon/observation/social-development-Lebanon-SP.DYN.LE00.MA.IN-2013,https://data.humdata.org/dataset/world-bank-social-development-indicators-for-lebanon,,The World Bank,http://linked.aub.edu.lb/CODEC/Lebanon/Dataset/social-development-Lebanon,2013
http://dbpedia.org/resource/Lebanon,SP.DYN.LE00.MA.IN,7.70E+01,http://linked.aub.edu.lb/CODEC/Lebanon/observation/social-development-Lebanon-SP.DYN.LE00.MA.IN-2014,https://data.humdata.org/dataset/world-bank-social-development-indicators-for-lebanon,,The World Bank,http://linked.aub.edu.lb/CODEC/Lebanon/Dataset/social-development-Lebanon,2014
http://dbpedia.org/resource/Lebanon,SP.DYN.LE00.MA.IN,7.72E+01,http://linked.aub.edu.lb/CODEC/Lebanon/observation/social-development-Lebanon-SP.DYN.LE00.MA.IN-2015,https://data.humdata.org/dataset/world-bank-social-development-indicators-for-lebanon,,The World Bank,http://linked.aub.edu.lb/CODEC/Lebanon/Dataset/social-development-Lebanon,2015
http://dbpedia.org/resource/Lebanon,SP.DYN.LE00.MA.IN,7.75E+01,http://linked.aub.edu.lb/CODEC/Lebanon/observation/social-development-Lebanon-SP.DYN.LE00.MA.IN-2016,https://data.humdata.org/dataset/world-bank-social-development-indicators-for-lebanon,,The World Bank,http://linked.aub.edu.lb/CODEC/Lebanon/Dataset/social-development-Lebanon,2016
http://dbpedia.org/resource/Lebanon,SP.DYN.LE00.MA.IN,7.76E+01,http://linked.aub.edu.lb/CODEC/Lebanon/observation/social-development-Lebanon-SP.DYN.LE00.MA.IN-2017,https://data.humdata.org/dataset/world-bank-social-development-indicators-for-lebanon,,The World Bank,http://linked.aub.edu.lb/CODEC/Lebanon/Dataset/social-development-Lebanon,2017
http://dbpedia.org/resource/Lebanon,SP.DYN.LE00.MA.IN,7.78E+01,http://linked.aub.edu.lb/CODEC/Lebanon/observation/social-development-Lebanon-SP.DYN.LE00.MA.IN-2018,https://data.humdata.org/dataset/world-bank-social-development-indicators-for-lebanon,,The World Bank,http://linked.aub.edu.lb/CODEC/Lebanon/Dataset/social-development-Lebanon,2018
http://dbpedia.org/resource/Lebanon,SP.DYN.LE00.MA.IN,7.73E+01,http://linked.aub.edu.lb/CODEC/Lebanon/observation/social-development-Lebanon-SP.DYN.LE00.MA.IN-2019,https://data.humdata.org/dataset/world-bank-social-development-indicators-for-lebanon,,The World Bank,http://linked.aub.edu.lb/CODEC/Lebanon/Dataset/social-development-Lebanon,2019
http://dbpedia.org/resource/Lebanon,SP.DYN.LE00.MA.IN,7.56E+01,http://linked.aub.edu.lb/CODEC/Lebanon/observation/social-development-Lebanon-SP.DYN.LE00.MA.IN-2020,https://data.humdata.org/dataset/world-bank-social-development-indicators-for-lebanon,,The World Bank,http://linked.aub.edu.lb/CODEC/Lebanon/Dataset/social-development-Lebanon,2020
http://dbpedia.org/resource/Lebanon,SP.DYN.LE00.MA.IN,7.28E+01,http://linked.aub.edu.lb/CODEC/Lebanon/observation/social-development-Lebanon-SP.DYN.LE00.MA.IN-2021,https://data.humdata.org/dataset/world-bank-social-development-indicators-for-lebanon,,The World Bank,http://linked.aub.edu.lb/CODEC/Lebanon/Dataset/social-development-Lebanon,2021
